width,height,n_tribes,n_agents,n_heaps,vision_radius,step_count,alpha,trade_percentage,spice_movement_bias,tribe_movement_bias,spice_threshold,result
65.66760364919901,188.4231882262975,3.8798781633377075,90.41129496879876,6.710051406174898,8.866978837177157,81.26221182756126,0.9983597667887807,0.37170245219022036,0.12276309635490179,0.955308903940022,0.14410435315221548,0.0
47.92890773154795,188.4231882262975,3.8798781633377075,90.41129496879876,6.710051406174898,8.866978837177157,81.26221182756126,0.9983597667887807,0.37170245219022036,0.12276309635490179,0.955308903940022,0.14410435315221548,0.00041761669516752185
65.66760364919901,66.16538372822106,3.8798781633377075,90.41129496879876,6.710051406174898,8.866978837177157,81.26221182756126,0.9983597667887807,0.37170245219022036,0.12276309635490179,0.955308903940022,0.14410435315221548,0.001796755589325248
65.66760364919901,188.4231882262975,1.377341235987842,90.41129496879876,6.710051406174898,8.866978837177157,81.26221182756126,0.9983597667887807,0.37170245219022036,0.12276309635490179,0.955308903940022,0.14410435315221548,0.0005992124636192426
65.66760364919901,188.4231882262975,3.8798781633377075,56.52204263955355,6.710051406174898,8.866978837177157,81.26221182756126,0.9983597667887807,0.37170245219022036,0.12276309635490179,0.955308903940022,0.14410435315221548,0.0
65.66760364919901,188.4231882262975,3.8798781633377075,90.41129496879876,4.431461874395609,8.866978837177157,81.26221182756126,0.9983597667887807,0.37170245219022036,0.12276309635490179,0.955308903940022,0.14410435315221548,0.0002366079878856711
65.66760364919901,188.4231882262975,3.8798781633377075,90.41129496879876,6.710051406174898,9.080311407335103,81.26221182756126,0.9983597667887807,0.37170245219022036,0.12276309635490179,0.955308903940022,0.14410435315221548,0.0006572106763677645
65.66760364919901,188.4231882262975,3.8798781633377075,90.41129496879876,6.710051406174898,8.866978837177157,388.1115013267845,0.9983597667887807,0.37170245219022036,0.12276309635490179,0.955308903940022,0.14410435315221548,0.0
65.66760364919901,188.4231882262975,3.8798781633377075,90.41129496879876,6.710051406174898,8.866978837177157,81.26221182756126,0.7570993714034557,0.37170245219022036,0.12276309635490179,0.955308903940022,0.14410435315221548,0.00016828510040188844
65.66760364919901,188.4231882262975,3.8798781633377075,90.41129496879876,6.710051406174898,8.866978837177157,81.26221182756126,0.9983597667887807,0.7998319733887911,0.12276309635490179,0.955308903940022,0.14410435315221548,0.00036231185944163253
65.66760364919901,188.4231882262975,3.8798781633377075,90.41129496879876,6.710051406174898,8.866978837177157,81.26221182756126,0.9983597667887807,0.37170245219022036,0.1525119123980403,0.955308903940022,0.14410435315221548,0.00035796105383734263
65.66760364919901,188.4231882262975,3.8798781633377075,90.41129496879876,6.710051406174898,8.866978837177157,81.26221182756126,0.9983597667887807,0.37170245219022036,0.12276309635490179,0.518076634965837,0.14410435315221548,0.0001333875926930729
65.66760364919901,188.4231882262975,3.8798781633377075,90.41129496879876,6.710051406174898,8.866978837177157,81.26221182756126,0.9983597667887807,0.37170245219022036,0.12276309635490179,0.955308903940022,0.0901350500062108,0.0002478308574891945
65.66760364919901,66.16538372822106,1.377341235987842,56.52204263955355,4.431461874395609,9.080311407335103,388.1115013267845,0.7570993714034557,0.7998319733887911,0.1525119123980403,0.518076634965837,0.0901350500062108,0.0
47.92890773154795,188.4231882262975,1.377341235987842,56.52204263955355,4.431461874395609,9.080311407335103,388.1115013267845,0.7570993714034557,0.7998319733887911,0.1525119123980403,0.518076634965837,0.0901350500062108,0.0
47.92890773154795,66.16538372822106,3.8798781633377075,56.52204263955355,4.431461874395609,9.080311407335103,388.1115013267845,0.7570993714034557,0.7998319733887911,0.1525119123980403,0.518076634965837,0.0901350500062108,0.0
47.92890773154795,66.16538372822106,1.377341235987842,90.41129496879876,4.431461874395609,9.080311407335103,388.1115013267845,0.7570993714034557,0.7998319733887911,0.1525119123980403,0.518076634965837,0.0901350500062108,0.0
47.92890773154795,66.16538372822106,1.377341235987842,56.52204263955355,6.710051406174898,9.080311407335103,388.1115013267845,0.7570993714034557,0.7998319733887911,0.1525119123980403,0.518076634965837,0.0901350500062108,0.0
47.92890773154795,66.16538372822106,1.377341235987842,56.52204263955355,4.431461874395609,8.866978837177157,388.1115013267845,0.7570993714034557,0.7998319733887911,0.1525119123980403,0.518076634965837,0.0901350500062108,0.0
47.92890773154795,66.16538372822106,1.377341235987842,56.52204263955355,4.431461874395609,9.080311407335103,81.26221182756126,0.7570993714034557,0.7998319733887911,0.1525119123980403,0.518076634965837,0.0901350500062108,0.00491616225951333
47.92890773154795,66.16538372822106,1.377341235987842,56.52204263955355,4.431461874395609,9.080311407335103,388.1115013267845,0.9983597667887807,0.7998319733887911,0.1525119123980403,0.518076634965837,0.0901350500062108,0.0014873856883606737
47.92890773154795,66.16538372822106,1.377341235987842,56.52204263955355,4.431461874395609,9.080311407335103,388.1115013267845,0.7570993714034557,0.37170245219022036,0.1525119123980403,0.518076634965837,0.0901350500062108,0.0
47.92890773154795,66.16538372822106,1.377341235987842,56.52204263955355,4.431461874395609,9.080311407335103,388.1115013267845,0.7570993714034557,0.7998319733887911,0.12276309635490179,0.518076634965837,0.0901350500062108,0.0
47.92890773154795,66.16538372822106,1.377341235987842,56.52204263955355,4.431461874395609,9.080311407335103,388.1115013267845,0.7570993714034557,0.7998319733887911,0.1525119123980403,0.955308903940022,0.0901350500062108,0.0
47.92890773154795,66.16538372822106,1.377341235987842,56.52204263955355,4.431461874395609,9.080311407335103,388.1115013267845,0.7570993714034557,0.7998319733887911,0.1525119123980403,0.518076634965837,0.14410435315221548,0.0
47.92890773154795,66.16538372822106,1.377341235987842,56.52204263955355,4.431461874395609,9.080311407335103,388.1115013267845,0.7570993714034557,0.7998319733887911,0.1525119123980403,0.518076634965837,0.0901350500062108,0.0
117.29589952155948,15.862178914248943,7.963839205913246,28.34529553540051,1.1553234048187733,2.1637640558183193,298.1741148978472,0.46206837613135576,0.7886189976707101,0.5840228470042348,0.31997398659586906,0.7999939369037747,0.0
180.03888277336955,15.862178914248943,7.963839205913246,28.34529553540051,1.1553234048187733,2.1637640558183193,298.1741148978472,0.46206837613135576,0.7886189976707101,0.5840228470042348,0.31997398659586906,0.7999939369037747,0.0
117.29589952155948,146.93245524540544,7.963839205913246,28.34529553540051,1.1553234048187733,2.1637640558183193,298.1741148978472,0.46206837613135576,0.7886189976707101,0.5840228470042348,0.31997398659586906,0.7999939369037747,0.0
117.29589952155948,15.862178914248943,9.565414036624134,28.34529553540051,1.1553234048187733,2.1637640558183193,298.1741148978472,0.46206837613135576,0.7886189976707101,0.5840228470042348,0.31997398659586906,0.7999939369037747,0.0
117.29589952155948,15.862178914248943,7.963839205913246,43.778381291776896,1.1553234048187733,2.1637640558183193,298.1741148978472,0.46206837613135576,0.7886189976707101,0.5840228470042348,0.31997398659586906,0.7999939369037747,0.0
117.29589952155948,15.862178914248943,7.963839205913246,28.34529553540051,8.136711382307112,2.1637640558183193,298.1741148978472,0.46206837613135576,0.7886189976707101,0.5840228470042348,0.31997398659586906,0.7999939369037747,0.0
117.29589952155948,15.862178914248943,7.963839205913246,28.34529553540051,1.1553234048187733,3.072838418185711,298.1741148978472,0.46206837613135576,0.7886189976707101,0.5840228470042348,0.31997398659586906,0.7999939369037747,0.0
117.29589952155948,15.862178914248943,7.963839205913246,28.34529553540051,1.1553234048187733,2.1637640558183193,110.51053772680461,0.46206837613135576,0.7886189976707101,0.5840228470042348,0.31997398659586906,0.7999939369037747,0.0
117.29589952155948,15.862178914248943,7.963839205913246,28.34529553540051,1.1553234048187733,2.1637640558183193,298.1741148978472,0.40680666361004114,0.7886189976707101,0.5840228470042348,0.31997398659586906,0.7999939369037747,0.0
117.29589952155948,15.862178914248943,7.963839205913246,28.34529553540051,1.1553234048187733,2.1637640558183193,298.1741148978472,0.46206837613135576,0.09140743874013424,0.5840228470042348,0.31997398659586906,0.7999939369037747,0.0
117.29589952155948,15.862178914248943,7.963839205913246,28.34529553540051,1.1553234048187733,2.1637640558183193,298.1741148978472,0.46206837613135576,0.7886189976707101,0.5955900149419904,0.31997398659586906,0.7999939369037747,0.0
117.29589952155948,15.862178914248943,7.963839205913246,28.34529553540051,1.1553234048187733,2.1637640558183193,298.1741148978472,0.46206837613135576,0.7886189976707101,0.5840228470042348,0.43516196496784687,0.7999939369037747,0.0
117.29589952155948,15.862178914248943,7.963839205913246,28.34529553540051,1.1553234048187733,2.1637640558183193,298.1741148978472,0.46206837613135576,0.7886189976707101,0.5840228470042348,0.31997398659586906,0.6799227353185415,0.0
117.29589952155948,146.93245524540544,9.565414036624134,43.778381291776896,8.136711382307112,3.072838418185711,110.51053772680461,0.40680666361004114,0.09140743874013424,0.5955900149419904,0.43516196496784687,0.6799227353185415,0.0
180.03888277336955,15.862178914248943,9.565414036624134,43.778381291776896,8.136711382307112,3.072838418185711,110.51053772680461,0.40680666361004114,0.09140743874013424,0.5955900149419904,0.43516196496784687,0.6799227353185415,0.0
180.03888277336955,146.93245524540544,7.963839205913246,43.778381291776896,8.136711382307112,3.072838418185711,110.51053772680461,0.40680666361004114,0.09140743874013424,0.5955900149419904,0.43516196496784687,0.6799227353185415,0.0
180.03888277336955,146.93245524540544,9.565414036624134,28.34529553540051,8.136711382307112,3.072838418185711,110.51053772680461,0.40680666361004114,0.09140743874013424,0.5955900149419904,0.43516196496784687,0.6799227353185415,0.0
180.03888277336955,146.93245524540544,9.565414036624134,43.778381291776896,1.1553234048187733,3.072838418185711,110.51053772680461,0.40680666361004114,0.09140743874013424,0.5955900149419904,0.43516196496784687,0.6799227353185415,0.0
180.03888277336955,146.93245524540544,9.565414036624134,43.778381291776896,8.136711382307112,2.1637640558183193,110.51053772680461,0.40680666361004114,0.09140743874013424,0.5955900149419904,0.43516196496784687,0.6799227353185415,0.0
180.03888277336955,146.93245524540544,9.565414036624134,43.778381291776896,8.136711382307112,3.072838418185711,298.1741148978472,0.40680666361004114,0.09140743874013424,0.5955900149419904,0.43516196496784687,0.6799227353185415,0.0
180.03888277336955,146.93245524540544,9.565414036624134,43.778381291776896,8.136711382307112,3.072838418185711,110.51053772680461,0.46206837613135576,0.09140743874013424,0.5955900149419904,0.43516196496784687,0.6799227353185415,0.0
180.03888277336955,146.93245524540544,9.565414036624134,43.778381291776896,8.136711382307112,3.072838418185711,110.51053772680461,0.40680666361004114,0.7886189976707101,0.5955900149419904,0.43516196496784687,0.6799227353185415,0.0
180.03888277336955,146.93245524540544,9.565414036624134,43.778381291776896,8.136711382307112,3.072838418185711,110.51053772680461,0.40680666361004114,0.09140743874013424,0.5840228470042348,0.43516196496784687,0.6799227353185415,0.0
180.03888277336955,146.93245524540544,9.565414036624134,43.778381291776896,8.136711382307112,3.072838418185711,110.51053772680461,0.40680666361004114,0.09140743874013424,0.5955900149419904,0.31997398659586906,0.6799227353185415,0.0
180.03888277336955,146.93245524540544,9.565414036624134,43.778381291776896,8.136711382307112,3.072838418185711,110.51053772680461,0.40680666361004114,0.09140743874013424,0.5955900149419904,0.43516196496784687,0.7999939369037747,0.0
180.03888277336955,146.93245524540544,9.565414036624134,43.778381291776896,8.136711382307112,3.072838418185711,110.51053772680461,0.40680666361004114,0.09140743874013424,0.5955900149419904,0.43516196496784687,0.6799227353185415,0.0
191.29797089844942,123.15785105340183,2.2061090618371964,75.66253863275051,3.880509245209396,3.846474644728005,249.3135969620198,0.22832339257001877,0.6299050059169531,0.9022807832807302,0.16525747813284397,0.506093380972743,0.0
66.01865341886878,123.15785105340183,2.2061090618371964,75.66253863275051,3.880509245209396,3.846474644728005,249.3135969620198,0.22832339257001877,0.6299050059169531,0.9022807832807302,0.16525747813284397,0.506093380972743,0.00292678336156597
191.29797089844942,10.075942184776068,2.2061090618371964,75.66253863275051,3.880509245209396,3.846474644728005,249.3135969620198,0.22832339257001877,0.6299050059169531,0.9022807832807302,0.16525747813284397,0.506093380972743,0.0
191.29797089844942,123.15785105340183,7.15942547749728,75.66253863275051,3.880509245209396,3.846474644728005,249.3135969620198,0.22832339257001877,0.6299050059169531,0.9022807832807302,0.16525747813284397,0.506093380972743,0.0
191.29797089844942,123.15785105340183,2.2061090618371964,79.33564987033606,3.880509245209396,3.846474644728005,249.3135969620198,0.22832339257001877,0.6299050059169531,0.9022807832807302,0.16525747813284397,0.506093380972743,0.0
191.29797089844942,123.15785105340183,2.2061090618371964,75.66253863275051,7.3861598474904895,3.846474644728005,249.3135969620198,0.22832339257001877,0.6299050059169531,0.9022807832807302,0.16525747813284397,0.506093380972743,0.0
191.29797089844942,123.15785105340183,2.2061090618371964,75.66253863275051,3.880509245209396,7.025381922721863,249.3135969620198,0.22832339257001877,0.6299050059169531,0.9022807832807302,0.16525747813284397,0.506093380972743,0.0019847228180561527
191.29797089844942,123.15785105340183,2.2061090618371964,75.66253863275051,3.880509245209396,3.846474644728005,225.16776635311544,0.22832339257001877,0.6299050059169531,0.9022807832807302,0.16525747813284397,0.506093380972743,0.0014076576576576578
191.29797089844942,123.15785105340183,2.2061090618371964,75.66253863275051,3.880509245209396,3.846474644728005,249.3135969620198,0.5002944273874164,0.6299050059169531,0.9022807832807302,0.16525747813284397,0.506093380972743,0.0
191.29797089844942,123.15785105340183,2.2061090618371964,75.66253863275051,3.880509245209396,3.846474644728005,249.3135969620198,0.22832339257001877,0.7439607568085194,0.9022807832807302,0.16525747813284397,0.506093380972743,0.0
191.29797089844942,123.15785105340183,2.2061090618371964,75.66253863275051,3.880509245209396,3.846474644728005,249.3135969620198,0.22832339257001877,0.6299050059169531,0.8769220663234591,0.16525747813284397,0.506093380972743,0.0006684491978609625
191.29797089844942,123.15785105340183,2.2061090618371964,75.66253863275051,3.880509245209396,3.846474644728005,249.3135969620198,0.22832339257001877,0.6299050059169531,0.9022807832807302,0.9789102505892515,0.506093380972743,0.006561996779388085
191.29797089844942,123.15785105340183,2.2061090618371964,75.66253863275051,3.880509245209396,3.846474644728005,249.3135969620198,0.22832339257001877,0.6299050059169531,0.9022807832807302,0.16525747813284397,0.25471017230302095,0.0013636153169421677
191.29797089844942,10.075942184776068,7.15942547749728,79.33564987033606,7.3861598474904895,7.025381922721863,225.16776635311544,0.5002944273874164,0.7439607568085194,0.8769220663234591,0.9789102505892515,0.25471017230302095,0.0
66.01865341886878,123.15785105340183,7.15942547749728,79.33564987033606,7.3861598474904895,7.025381922721863,225.16776635311544,0.5002944273874164,0.7439607568085194,0.8769220663234591,0.9789102505892515,0.25471017230302095,0.0
66.01865341886878,10.075942184776068,2.2061090618371964,79.33564987033606,7.3861598474904895,7.025381922721863,225.16776635311544,0.5002944273874164,0.7439607568085194,0.8769220663234591,0.9789102505892515,0.25471017230302095,0.0
66.01865341886878,10.075942184776068,7.15942547749728,75.66253863275051,7.3861598474904895,7.025381922721863,225.16776635311544,0.5002944273874164,0.7439607568085194,0.8769220663234591,0.9789102505892515,0.25471017230302095,0.0
66.01865341886878,10.075942184776068,7.15942547749728,79.33564987033606,3.880509245209396,7.025381922721863,225.16776635311544,0.5002944273874164,0.7439607568085194,0.8769220663234591,0.9789102505892515,0.25471017230302095,0.0
66.01865341886878,10.075942184776068,7.15942547749728,79.33564987033606,7.3861598474904895,3.846474644728005,225.16776635311544,0.5002944273874164,0.7439607568085194,0.8769220663234591,0.9789102505892515,0.25471017230302095,0.0
66.01865341886878,10.075942184776068,7.15942547749728,79.33564987033606,7.3861598474904895,7.025381922721863,249.3135969620198,0.5002944273874164,0.7439607568085194,0.8769220663234591,0.9789102505892515,0.25471017230302095,0.0
66.01865341886878,10.075942184776068,7.15942547749728,79.33564987033606,7.3861598474904895,7.025381922721863,225.16776635311544,0.22832339257001877,0.7439607568085194,0.8769220663234591,0.9789102505892515,0.25471017230302095,0.0
66.01865341886878,10.075942184776068,7.15942547749728,79.33564987033606,7.3861598474904895,7.025381922721863,225.16776635311544,0.5002944273874164,0.6299050059169531,0.8769220663234591,0.9789102505892515,0.25471017230302095,0.0
66.01865341886878,10.075942184776068,7.15942547749728,79.33564987033606,7.3861598474904895,7.025381922721863,225.16776635311544,0.5002944273874164,0.7439607568085194,0.9022807832807302,0.9789102505892515,0.25471017230302095,0.0
66.01865341886878,10.075942184776068,7.15942547749728,79.33564987033606,7.3861598474904895,7.025381922721863,225.16776635311544,0.5002944273874164,0.7439607568085194,0.8769220663234591,0.16525747813284397,0.25471017230302095,0.001718708796748724
66.01865341886878,10.075942184776068,7.15942547749728,79.33564987033606,7.3861598474904895,7.025381922721863,225.16776635311544,0.5002944273874164,0.7439607568085194,0.8769220663234591,0.9789102505892515,0.506093380972743,0.0
66.01865341886878,10.075942184776068,7.15942547749728,79.33564987033606,7.3861598474904895,7.025381922721863,225.16776635311544,0.5002944273874164,0.7439607568085194,0.8769220663234591,0.9789102505892515,0.25471017230302095,0.0
45.504386108368635,93.10110060498118,7.3876042841002345,47.37697556614876,9.716474908404052,7.122779025696218,467.5165008753538,0.7018735036253929,0.21686549670994282,0.4221837557852268,0.559213581494987,0.41270775720477104,0.0
126.877156579867,93.10110060498118,7.3876042841002345,47.37697556614876,9.716474908404052,7.122779025696218,467.5165008753538,0.7018735036253929,0.21686549670994282,0.4221837557852268,0.559213581494987,0.41270775720477104,0.0
45.504386108368635,190.93503796495497,7.3876042841002345,47.37697556614876,9.716474908404052,7.122779025696218,467.5165008753538,0.7018735036253929,0.21686549670994282,0.4221837557852268,0.559213581494987,0.41270775720477104,0.0
45.504386108368635,93.10110060498118,4.029389481060207,47.37697556614876,9.716474908404052,7.122779025696218,467.5165008753538,0.7018735036253929,0.21686549670994282,0.4221837557852268,0.559213581494987,0.41270775720477104,0.0
45.504386108368635,93.10110060498118,7.3876042841002345,21.766818929463625,9.716474908404052,7.122779025696218,467.5165008753538,0.7018735036253929,0.21686549670994282,0.4221837557852268,0.559213581494987,0.41270775720477104,0.0
45.504386108368635,93.10110060498118,7.3876042841002345,47.37697556614876,2.0813712384551764,7.122779025696218,467.5165008753538,0.7018735036253929,0.21686549670994282,0.4221837557852268,0.559213581494987,0.41270775720477104,0.0
45.504386108368635,93.10110060498118,7.3876042841002345,47.37697556614876,9.716474908404052,5.087122646160424,467.5165008753538,0.7018735036253929,0.21686549670994282,0.4221837557852268,0.559213581494987,0.41270775720477104,0.0
45.504386108368635,93.10110060498118,7.3876042841002345,47.37697556614876,9.716474908404052,7.122779025696218,277.7729108463973,0.7018735036253929,0.21686549670994282,0.4221837557852268,0.559213581494987,0.41270775720477104,0.0
45.504386108368635,93.10110060498118,7.3876042841002345,47.37697556614876,9.716474908404052,7.122779025696218,467.5165008753538,0.1636726465076208,0.21686549670994282,0.4221837557852268,0.559213581494987,0.41270775720477104,0.0
45.504386108368635,93.10110060498118,7.3876042841002345,47.37697556614876,9.716474908404052,7.122779025696218,467.5165008753538,0.7018735036253929,0.3977588266134262,0.4221837557852268,0.559213581494987,0.41270775720477104,0.0
45.504386108368635,93.10110060498118,7.3876042841002345,47.37697556614876,9.716474908404052,7.122779025696218,467.5165008753538,0.7018735036253929,0.21686549670994282,0.37131344992667437,0.559213581494987,0.41270775720477104,0.0
45.504386108368635,93.10110060498118,7.3876042841002345,47.37697556614876,9.716474908404052,7.122779025696218,467.5165008753538,0.7018735036253929,0.21686549670994282,0.4221837557852268,0.06786641012877226,0.41270775720477104,0.0
45.504386108368635,93.10110060498118,7.3876042841002345,47.37697556614876,9.716474908404052,7.122779025696218,467.5165008753538,0.7018735036253929,0.21686549670994282,0.4221837557852268,0.559213581494987,0.9693728815764189,0.0
45.504386108368635,190.93503796495497,4.029389481060207,21.766818929463625,2.0813712384551764,5.087122646160424,277.7729108463973,0.1636726465076208,0.3977588266134262,0.37131344992667437,0.06786641012877226,0.9693728815764189,0.0
126.877156579867,93.10110060498118,4.029389481060207,21.766818929463625,2.0813712384551764,5.087122646160424,277.7729108463973,0.1636726465076208,0.3977588266134262,0.37131344992667437,0.06786641012877226,0.9693728815764189,0.0
126.877156579867,190.93503796495497,7.3876042841002345,21.766818929463625,2.0813712384551764,5.087122646160424,277.7729108463973,0.1636726465076208,0.3977588266134262,0.37131344992667437,0.06786641012877226,0.9693728815764189,0.0
126.877156579867,190.93503796495497,4.029389481060207,47.37697556614876,2.0813712384551764,5.087122646160424,277.7729108463973,0.1636726465076208,0.3977588266134262,0.37131344992667437,0.06786641012877226,0.9693728815764189,0.0005649717514124294
126.877156579867,190.93503796495497,4.029389481060207,21.766818929463625,9.716474908404052,5.087122646160424,277.7729108463973,0.1636726465076208,0.3977588266134262,0.37131344992667437,0.06786641012877226,0.9693728815764189,0.0
126.877156579867,190.93503796495497,4.029389481060207,21.766818929463625,2.0813712384551764,7.122779025696218,277.7729108463973,0.1636726465076208,0.3977588266134262,0.37131344992667437,0.06786641012877226,0.9693728815764189,0.00019325912183055036
126.877156579867,190.93503796495497,4.029389481060207,21.766818929463625,2.0813712384551764,5.087122646160424,467.5165008753538,0.1636726465076208,0.3977588266134262,0.37131344992667437,0.06786641012877226,0.9693728815764189,0.0
126.877156579867,190.93503796495497,4.029389481060207,21.766818929463625,2.0813712384551764,5.087122646160424,277.7729108463973,0.7018735036253929,0.3977588266134262,0.37131344992667437,0.06786641012877226,0.9693728815764189,0.0
126.877156579867,190.93503796495497,4.029389481060207,21.766818929463625,2.0813712384551764,5.087122646160424,277.7729108463973,0.1636726465076208,0.21686549670994282,0.37131344992667437,0.06786641012877226,0.9693728815764189,0.0
126.877156579867,190.93503796495497,4.029389481060207,21.766818929463625,2.0813712384551764,5.087122646160424,277.7729108463973,0.1636726465076208,0.3977588266134262,0.4221837557852268,0.06786641012877226,0.9693728815764189,0.0
126.877156579867,190.93503796495497,4.029389481060207,21.766818929463625,2.0813712384551764,5.087122646160424,277.7729108463973,0.1636726465076208,0.3977588266134262,0.37131344992667437,0.559213581494987,0.9693728815764189,0.010715913948583847
126.877156579867,190.93503796495497,4.029389481060207,21.766818929463625,2.0813712384551764,5.087122646160424,277.7729108463973,0.1636726465076208,0.3977588266134262,0.37131344992667437,0.06786641012877226,0.41270775720477104,0.000697350069735007
126.877156579867,190.93503796495497,4.029389481060207,21.766818929463625,2.0813712384551764,5.087122646160424,277.7729108463973,0.1636726465076208,0.3977588266134262,0.37131344992667437,0.06786641012877226,0.9693728815764189,0.0
18.759134113788605,148.0982483830303,9.100681896321476,43.47439967095852,8.085777129977942,9.944787221960723,162.75146882981062,0.014440342783927917,0.6056131143122911,0.7479857802391052,0.0067032715305686,0.2990808133035898,0.0
84.45120878517628,148.0982483830303,9.100681896321476,43.47439967095852,8.085777129977942,9.944787221960723,162.75146882981062,0.014440342783927917,0.6056131143122911,0.7479857802391052,0.0067032715305686,0.2990808133035898,0.0
18.759134113788605,120.62572482042015,9.100681896321476,43.47439967095852,8.085777129977942,9.944787221960723,162.75146882981062,0.014440342783927917,0.6056131143122911,0.7479857802391052,0.0067032715305686,0.2990808133035898,0.0
18.759134113788605,148.0982483830303,4.637740846723318,43.47439967095852,8.085777129977942,9.944787221960723,162.75146882981062,0.014440342783927917,0.6056131143122911,0.7479857802391052,0.0067032715305686,0.2990808133035898,0.0
18.759134113788605,148.0982483830303,9.100681896321476,10.039103925228119,8.085777129977942,9.944787221960723,162.75146882981062,0.014440342783927917,0.6056131143122911,0.7479857802391052,0.0067032715305686,0.2990808133035898,0.0
18.759134113788605,148.0982483830303,9.100681896321476,43.47439967095852,2.506922524422407,9.944787221960723,162.75146882981062,0.014440342783927917,0.6056131143122911,0.7479857802391052,0.0067032715305686,0.2990808133035898,0.0
18.759134113788605,148.0982483830303,9.100681896321476,43.47439967095852,8.085777129977942,4.23814751021564,162.75146882981062,0.014440342783927917,0.6056131143122911,0.7479857802391052,0.0067032715305686,0.2990808133035898,0.0
18.759134113788605,148.0982483830303,9.100681896321476,43.47439967095852,8.085777129977942,9.944787221960723,178.23537783697248,0.014440342783927917,0.6056131143122911,0.7479857802391052,0.0067032715305686,0.2990808133035898,0.0
18.759134113788605,148.0982483830303,9.100681896321476,43.47439967095852,8.085777129977942,9.944787221960723,162.75146882981062,0.8935657925903797,0.6056131143122911,0.7479857802391052,0.0067032715305686,0.2990808133035898,0.0
18.759134113788605,148.0982483830303,9.100681896321476,43.47439967095852,8.085777129977942,9.944787221960723,162.75146882981062,0.014440342783927917,0.9231505701318383,0.7479857802391052,0.0067032715305686,0.2990808133035898,0.0
18.759134113788605,148.0982483830303,9.100681896321476,43.47439967095852,8.085777129977942,9.944787221960723,162.75146882981062,0.014440342783927917,0.6056131143122911,0.04154724255204201,0.0067032715305686,0.2990808133035898,0.0
18.759134113788605,148.0982483830303,9.100681896321476,43.47439967095852,8.085777129977942,9.944787221960723,162.75146882981062,0.014440342783927917,0.6056131143122911,0.7479857802391052,0.7692176112905145,0.2990808133035898,0.0
18.759134113788605,148.0982483830303,9.100681896321476,43.47439967095852,8.085777129977942,9.944787221960723,162.75146882981062,0.014440342783927917,0.6056131143122911,0.7479857802391052,0.0067032715305686,0.786215060390532,0.0
18.759134113788605,120.62572482042015,4.637740846723318,10.039103925228119,2.506922524422407,4.23814751021564,178.23537783697248,0.8935657925903797,0.9231505701318383,0.04154724255204201,0.7692176112905145,0.786215060390532,0.0
84.45120878517628,148.0982483830303,4.637740846723318,10.039103925228119,2.506922524422407,4.23814751021564,178.23537783697248,0.8935657925903797,0.9231505701318383,0.04154724255204201,0.7692176112905145,0.786215060390532,0.0
84.45120878517628,120.62572482042015,9.100681896321476,10.039103925228119,2.506922524422407,4.23814751021564,178.23537783697248,0.8935657925903797,0.9231505701318383,0.04154724255204201,0.7692176112905145,0.786215060390532,0.0
84.45120878517628,120.62572482042015,4.637740846723318,43.47439967095852,2.506922524422407,4.23814751021564,178.23537783697248,0.8935657925903797,0.9231505701318383,0.04154724255204201,0.7692176112905145,0.786215060390532,0.0
84.45120878517628,120.62572482042015,4.637740846723318,10.039103925228119,8.085777129977942,4.23814751021564,178.23537783697248,0.8935657925903797,0.9231505701318383,0.04154724255204201,0.7692176112905145,0.786215060390532,0.0
84.45120878517628,120.62572482042015,4.637740846723318,10.039103925228119,2.506922524422407,9.944787221960723,178.23537783697248,0.8935657925903797,0.9231505701318383,0.04154724255204201,0.7692176112905145,0.786215060390532,0.0
84.45120878517628,120.62572482042015,4.637740846723318,10.039103925228119,2.506922524422407,4.23814751021564,162.75146882981062,0.8935657925903797,0.9231505701318383,0.04154724255204201,0.7692176112905145,0.786215060390532,0.0
84.45120878517628,120.62572482042015,4.637740846723318,10.039103925228119,2.506922524422407,4.23814751021564,178.23537783697248,0.014440342783927917,0.9231505701318383,0.04154724255204201,0.7692176112905145,0.786215060390532,0.0
84.45120878517628,120.62572482042015,4.637740846723318,10.039103925228119,2.506922524422407,4.23814751021564,178.23537783697248,0.8935657925903797,0.6056131143122911,0.04154724255204201,0.7692176112905145,0.786215060390532,0.0
84.45120878517628,120.62572482042015,4.637740846723318,10.039103925228119,2.506922524422407,4.23814751021564,178.23537783697248,0.8935657925903797,0.9231505701318383,0.7479857802391052,0.7692176112905145,0.786215060390532,0.0
84.45120878517628,120.62572482042015,4.637740846723318,10.039103925228119,2.506922524422407,4.23814751021564,178.23537783697248,0.8935657925903797,0.9231505701318383,0.04154724255204201,0.0067032715305686,0.786215060390532,0.0
84.45120878517628,120.62572482042015,4.637740846723318,10.039103925228119,2.506922524422407,4.23814751021564,178.23537783697248,0.8935657925903797,0.9231505701318383,0.04154724255204201,0.7692176112905145,0.2990808133035898,0.0
84.45120878517628,120.62572482042015,4.637740846723318,10.039103925228119,2.506922524422407,4.23814751021564,178.23537783697248,0.8935657925903797,0.9231505701318383,0.04154724255204201,0.7692176112905145,0.786215060390532,0.0
164.6455836482346,67.56998466327786,4.993100382387638,60.49353554844856,4.921755131334066,1.024462760426104,438.05442093871534,0.5407219678163528,0.05390149913728237,0.20929125137627125,0.6438217964023352,0.6434467807412148,0.0
142.34241153113544,67.56998466327786,4.993100382387638,60.49353554844856,4.921755131334066,1.024462760426104,438.05442093871534,0.5407219678163528,0.05390149913728237,0.20929125137627125,0.6438217964023352,0.6434467807412148,0.0
164.6455836482346,86.34901702404022,4.993100382387638,60.49353554844856,4.921755131334066,1.024462760426104,438.05442093871534,0.5407219678163528,0.05390149913728237,0.20929125137627125,0.6438217964023352,0.6434467807412148,0.0
164.6455836482346,67.56998466327786,6.568144913762808,60.49353554844856,4.921755131334066,1.024462760426104,438.05442093871534,0.5407219678163528,0.05390149913728237,0.20929125137627125,0.6438217964023352,0.6434467807412148,0.0
164.6455836482346,67.56998466327786,4.993100382387638,90.28329266235232,4.921755131334066,1.024462760426104,438.05442093871534,0.5407219678163528,0.05390149913728237,0.20929125137627125,0.6438217964023352,0.6434467807412148,0.0
164.6455836482346,67.56998466327786,4.993100382387638,60.49353554844856,5.56066829059273,1.024462760426104,438.05442093871534,0.5407219678163528,0.05390149913728237,0.20929125137627125,0.6438217964023352,0.6434467807412148,0.0
164.6455836482346,67.56998466327786,4.993100382387638,60.49353554844856,4.921755131334066,5.613366606645286,438.05442093871534,0.5407219678163528,0.05390149913728237,0.20929125137627125,0.6438217964023352,0.6434467807412148,0.0
164.6455836482346,67.56998466327786,4.993100382387638,60.49353554844856,4.921755131334066,1.024462760426104,350.19335178658366,0.5407219678163528,0.05390149913728237,0.20929125137627125,0.6438217964023352,0.6434467807412148,0.0
164.6455836482346,67.56998466327786,4.993100382387638,60.49353554844856,4.921755131334066,1.024462760426104,438.05442093871534,0.30159775260835886,0.05390149913728237,0.20929125137627125,0.6438217964023352,0.6434467807412148,0.0
164.6455836482346,67.56998466327786,4.993100382387638,60.49353554844856,4.921755131334066,1.024462760426104,438.05442093871534,0.5407219678163528,0.21856946218758821,0.20929125137627125,0.6438217964023352,0.6434467807412148,0.0
164.6455836482346,67.56998466327786,4.993100382387638,60.49353554844856,4.921755131334066,1.024462760426104,438.05442093871534,0.5407219678163528,0.05390149913728237,0.7102243918925524,0.6438217964023352,0.6434467807412148,0.0
164.6455836482346,67.56998466327786,4.993100382387638,60.49353554844856,4.921755131334066,1.024462760426104,438.05442093871534,0.5407219678163528,0.05390149913728237,0.20929125137627125,0.18428229168057442,0.6434467807412148,0.0
164.6455836482346,67.56998466327786,4.993100382387638,60.49353554844856,4.921755131334066,1.024462760426104,438.05442093871534,0.5407219678163528,0.05390149913728237,0.20929125137627125,0.6438217964023352,0.4388598371297121,0.0
164.6455836482346,86.34901702404022,6.568144913762808,90.28329266235232,5.56066829059273,5.613366606645286,350.19335178658366,0.30159775260835886,0.21856946218758821,0.7102243918925524,0.18428229168057442,0.4388598371297121,0.0
142.34241153113544,67.56998466327786,6.568144913762808,90.28329266235232,5.56066829059273,5.613366606645286,350.19335178658366,0.30159775260835886,0.21856946218758821,0.7102243918925524,0.18428229168057442,0.4388598371297121,0.0
142.34241153113544,86.34901702404022,4.993100382387638,90.28329266235232,5.56066829059273,5.613366606645286,350.19335178658366,0.30159775260835886,0.21856946218758821,0.7102243918925524,0.18428229168057442,0.4388598371297121,0.0
142.34241153113544,86.34901702404022,6.568144913762808,60.49353554844856,5.56066829059273,5.613366606645286,350.19335178658366,0.30159775260835886,0.21856946218758821,0.7102243918925524,0.18428229168057442,0.4388598371297121,0.0
142.34241153113544,86.34901702404022,6.568144913762808,90.28329266235232,4.921755131334066,5.613366606645286,350.19335178658366,0.30159775260835886,0.21856946218758821,0.7102243918925524,0.18428229168057442,0.4388598371297121,0.0
142.34241153113544,86.34901702404022,6.568144913762808,90.28329266235232,5.56066829059273,1.024462760426104,350.19335178658366,0.30159775260835886,0.21856946218758821,0.7102243918925524,0.18428229168057442,0.4388598371297121,0.0
142.34241153113544,86.34901702404022,6.568144913762808,90.28329266235232,5.56066829059273,5.613366606645286,438.05442093871534,0.30159775260835886,0.21856946218758821,0.7102243918925524,0.18428229168057442,0.4388598371297121,0.0
142.34241153113544,86.34901702404022,6.568144913762808,90.28329266235232,5.56066829059273,5.613366606645286,350.19335178658366,0.5407219678163528,0.21856946218758821,0.7102243918925524,0.18428229168057442,0.4388598371297121,0.0
142.34241153113544,86.34901702404022,6.568144913762808,90.28329266235232,5.56066829059273,5.613366606645286,350.19335178658366,0.30159775260835886,0.05390149913728237,0.7102243918925524,0.18428229168057442,0.4388598371297121,0.0
142.34241153113544,86.34901702404022,6.568144913762808,90.28329266235232,5.56066829059273,5.613366606645286,350.19335178658366,0.30159775260835886,0.21856946218758821,0.20929125137627125,0.18428229168057442,0.4388598371297121,0.0
142.34241153113544,86.34901702404022,6.568144913762808,90.28329266235232,5.56066829059273,5.613366606645286,350.19335178658366,0.30159775260835886,0.21856946218758821,0.7102243918925524,0.6438217964023352,0.4388598371297121,0.0
142.34241153113544,86.34901702404022,6.568144913762808,90.28329266235232,5.56066829059273,5.613366606645286,350.19335178658366,0.30159775260835886,0.21856946218758821,0.7102243918925524,0.18428229168057442,0.6434467807412148,0.0
142.34241153113544,86.34901702404022,6.568144913762808,90.28329266235232,5.56066829059273,5.613366606645286,350.19335178658366,0.30159775260835886,0.21856946218758821,0.7102243918925524,0.18428229168057442,0.4388598371297121,0.0
143.9939458668232,165.86078972555697,6.266760836355388,10.451683076098561,3.040352533571422,4.985703453421593,107.2343086823821,0.7747456626966596,0.3962386855855584,0.27705802861601114,0.8728943765163422,0.9139995155856013,0.0
30.92273193411529,165.86078972555697,6.266760836355388,10.451683076098561,3.040352533571422,4.985703453421593,107.2343086823821,0.7747456626966596,0.3962386855855584,0.27705802861601114,0.8728943765163422,0.9139995155856013,0.004735318444995857
143.9939458668232,175.30889872461557,6.266760836355388,10.451683076098561,3.040352533571422,4.985703453421593,107.2343086823821,0.7747456626966596,0.3962386855855584,0.27705802861601114,0.8728943765163422,0.9139995155856013,0.0
143.9939458668232,165.86078972555697,7.85342500731349,10.451683076098561,3.040352533571422,4.985703453421593,107.2343086823821,0.7747456626966596,0.3962386855855584,0.27705802861601114,0.8728943765163422,0.9139995155856013,0.0
143.9939458668232,165.86078972555697,6.266760836355388,33.006085231900215,3.040352533571422,4.985703453421593,107.2343086823821,0.7747456626966596,0.3962386855855584,0.27705802861601114,0.8728943765163422,0.9139995155856013,0.0
143.9939458668232,165.86078972555697,6.266760836355388,10.451683076098561,9.960543322376907,4.985703453421593,107.2343086823821,0.7747456626966596,0.3962386855855584,0.27705802861601114,0.8728943765163422,0.9139995155856013,0.0
143.9939458668232,165.86078972555697,6.266760836355388,10.451683076098561,3.040352533571422,1.6568527622148395,107.2343086823821,0.7747456626966596,0.3962386855855584,0.27705802861601114,0.8728943765163422,0.9139995155856013,0.0
143.9939458668232,165.86078972555697,6.266760836355388,10.451683076098561,3.040352533571422,4.985703453421593,463.16856713965535,0.7747456626966596,0.3962386855855584,0.27705802861601114,0.8728943765163422,0.9139995155856013,0.0
143.9939458668232,165.86078972555697,6.266760836355388,10.451683076098561,3.040352533571422,4.985703453421593,107.2343086823821,0.6445723949000239,0.3962386855855584,0.27705802861601114,0.8728943765163422,0.9139995155856013,0.0
143.9939458668232,165.86078972555697,6.266760836355388,10.451683076098561,3.040352533571422,4.985703453421593,107.2343086823821,0.7747456626966596,0.6207031672820449,0.27705802861601114,0.8728943765163422,0.9139995155856013,0.0
143.9939458668232,165.86078972555697,6.266760836355388,10.451683076098561,3.040352533571422,4.985703453421593,107.2343086823821,0.7747456626966596,0.3962386855855584,0.8040183000266552,0.8728943765163422,0.9139995155856013,0.0
143.9939458668232,165.86078972555697,6.266760836355388,10.451683076098561,3.040352533571422,4.985703453421593,107.2343086823821,0.7747456626966596,0.3962386855855584,0.27705802861601114,0.7297671511769295,0.9139995155856013,0.0006825938566552902
143.9939458668232,165.86078972555697,6.266760836355388,10.451683076098561,3.040352533571422,4.985703453421593,107.2343086823821,0.7747456626966596,0.3962386855855584,0.27705802861601114,0.8728943765163422,0.6226021805778146,9.615384615384615e-05
143.9939458668232,175.30889872461557,7.85342500731349,33.006085231900215,9.960543322376907,1.6568527622148395,463.16856713965535,0.6445723949000239,0.6207031672820449,0.8040183000266552,0.7297671511769295,0.6226021805778146,0.0
30.92273193411529,165.86078972555697,7.85342500731349,33.006085231900215,9.960543322376907,1.6568527622148395,463.16856713965535,0.6445723949000239,0.6207031672820449,0.8040183000266552,0.7297671511769295,0.6226021805778146,0.0
30.92273193411529,175.30889872461557,6.266760836355388,33.006085231900215,9.960543322376907,1.6568527622148395,463.16856713965535,0.6445723949000239,0.6207031672820449,0.8040183000266552,0.7297671511769295,0.6226021805778146,0.0
30.92273193411529,175.30889872461557,7.85342500731349,10.451683076098561,9.960543322376907,1.6568527622148395,463.16856713965535,0.6445723949000239,0.6207031672820449,0.8040183000266552,0.7297671511769295,0.6226021805778146,0.0
30.92273193411529,175.30889872461557,7.85342500731349,33.006085231900215,3.040352533571422,1.6568527622148395,463.16856713965535,0.6445723949000239,0.6207031672820449,0.8040183000266552,0.7297671511769295,0.6226021805778146,0.0
30.92273193411529,175.30889872461557,7.85342500731349,33.006085231900215,9.960543322376907,4.985703453421593,463.16856713965535,0.6445723949000239,0.6207031672820449,0.8040183000266552,0.7297671511769295,0.6226021805778146,0.0
30.92273193411529,175.30889872461557,7.85342500731349,33.006085231900215,9.960543322376907,1.6568527622148395,107.2343086823821,0.6445723949000239,0.6207031672820449,0.8040183000266552,0.7297671511769295,0.6226021805778146,0.0
30.92273193411529,175.30889872461557,7.85342500731349,33.006085231900215,9.960543322376907,1.6568527622148395,463.16856713965535,0.7747456626966596,0.6207031672820449,0.8040183000266552,0.7297671511769295,0.6226021805778146,0.0
30.92273193411529,175.30889872461557,7.85342500731349,33.006085231900215,9.960543322376907,1.6568527622148395,463.16856713965535,0.6445723949000239,0.3962386855855584,0.8040183000266552,0.7297671511769295,0.6226021805778146,0.0
30.92273193411529,175.30889872461557,7.85342500731349,33.006085231900215,9.960543322376907,1.6568527622148395,463.16856713965535,0.6445723949000239,0.6207031672820449,0.27705802861601114,0.7297671511769295,0.6226021805778146,0.0
30.92273193411529,175.30889872461557,7.85342500731349,33.006085231900215,9.960543322376907,1.6568527622148395,463.16856713965535,0.6445723949000239,0.6207031672820449,0.8040183000266552,0.8728943765163422,0.6226021805778146,0.0
30.92273193411529,175.30889872461557,7.85342500731349,33.006085231900215,9.960543322376907,1.6568527622148395,463.16856713965535,0.6445723949000239,0.6207031672820449,0.8040183000266552,0.7297671511769295,0.9139995155856013,0.0
30.92273193411529,175.30889872461557,7.85342500731349,33.006085231900215,9.960543322376907,1.6568527622148395,463.16856713965535,0.6445723949000239,0.6207031672820449,0.8040183000266552,0.7297671511769295,0.6226021805778146,0.0
92.45851473882794,37.83388428390026,1.0770260021090508,83.78410969860852,6.485636870376766,6.045035483315587,381.1915428843349,0.3107170360162854,0.9518268750980496,0.7969154072925448,0.4768189722672105,0.007137150503695011,0.04203520203262044
160.06250739097595,37.83388428390026,1.0770260021090508,83.78410969860852,6.485636870376766,6.045035483315587,381.1915428843349,0.3107170360162854,0.9518268750980496,0.7969154072925448,0.4768189722672105,0.007137150503695011,0.0
92.45851473882794,43.70017713867128,1.0770260021090508,83.78410969860852,6.485636870376766,6.045035483315587,381.1915428843349,0.3107170360162854,0.9518268750980496,0.7969154072925448,0.4768189722672105,0.007137150503695011,0.0
92.45851473882794,37.83388428390026,3.106332402676344,83.78410969860852,6.485636870376766,6.045035483315587,381.1915428843349,0.3107170360162854,0.9518268750980496,0.7969154072925448,0.4768189722672105,0.007137150503695011,0.008048589707667876
92.45851473882794,37.83388428390026,1.0770260021090508,68.07441091164947,6.485636870376766,6.045035483315587,381.1915428843349,0.3107170360162854,0.9518268750980496,0.7969154072925448,0.4768189722672105,0.007137150503695011,0.02026601551838416
92.45851473882794,37.83388428390026,1.0770260021090508,83.78410969860852,4.006473986431956,6.045035483315587,381.1915428843349,0.3107170360162854,0.9518268750980496,0.7969154072925448,0.4768189722672105,0.007137150503695011,0.06357962784772385
92.45851473882794,37.83388428390026,1.0770260021090508,83.78410969860852,6.485636870376766,8.22652586363256,381.1915428843349,0.3107170360162854,0.9518268750980496,0.7969154072925448,0.4768189722672105,0.007137150503695011,0.02474323062558374
92.45851473882794,37.83388428390026,1.0770260021090508,83.78410969860852,6.485636870376766,6.045035483315587,66.21498866006732,0.3107170360162854,0.9518268750980496,0.7969154072925448,0.4768189722672105,0.007137150503695011,0.023906670534708057
92.45851473882794,37.83388428390026,1.0770260021090508,83.78410969860852,6.485636870376766,6.045035483315587,381.1915428843349,0.050652189180254936,0.9518268750980496,0.7969154072925448,0.4768189722672105,0.007137150503695011,0.03274456971609109
92.45851473882794,37.83388428390026,1.0770260021090508,83.78410969860852,6.485636870376766,6.045035483315587,381.1915428843349,0.3107170360162854,0.270535740070045,0.7969154072925448,0.4768189722672105,0.007137150503695011,0.004957277642166858
92.45851473882794,37.83388428390026,1.0770260021090508,83.78410969860852,6.485636870376766,6.045035483315587,381.1915428843349,0.3107170360162854,0.9518268750980496,0.44787166453897953,0.4768189722672105,0.007137150503695011,0.07947691955687719
92.45851473882794,37.83388428390026,1.0770260021090508,83.78410969860852,6.485636870376766,6.045035483315587,381.1915428843349,0.3107170360162854,0.9518268750980496,0.7969154072925448,0.3167176814749837,0.007137150503695011,0.0
92.45851473882794,37.83388428390026,1.0770260021090508,83.78410969860852,6.485636870376766,6.045035483315587,381.1915428843349,0.3107170360162854,0.9518268750980496,0.7969154072925448,0.4768189722672105,0.15037005580961704,0.004330634225212541
92.45851473882794,43.70017713867128,3.106332402676344,68.07441091164947,4.006473986431956,8.22652586363256,66.21498866006732,0.050652189180254936,0.270535740070045,0.44787166453897953,0.3167176814749837,0.15037005580961704,0.0
160.06250739097595,37.83388428390026,3.106332402676344,68.07441091164947,4.006473986431956,8.22652586363256,66.21498866006732,0.050652189180254936,0.270535740070045,0.44787166453897953,0.3167176814749837,0.15037005580961704,0.0038882852638432953
160.06250739097595,43.70017713867128,1.0770260021090508,68.07441091164947,4.006473986431956,8.22652586363256,66.21498866006732,0.050652189180254936,0.270535740070045,0.44787166453897953,0.3167176814749837,0.15037005580961704,0.0076578213404960745
160.06250739097595,43.70017713867128,3.106332402676344,83.78410969860852,4.006473986431956,8.22652586363256,66.21498866006732,0.050652189180254936,0.270535740070045,0.44787166453897953,0.3167176814749837,0.15037005580961704,0.00035171440130117815
160.06250739097595,43.70017713867128,3.106332402676344,68.07441091164947,6.485636870376766,8.22652586363256,66.21498866006732,0.050652189180254936,0.270535740070045,0.44787166453897953,0.3167176814749837,0.15037005580961704,0.0028032762528886535
160.06250739097595,43.70017713867128,3.106332402676344,68.07441091164947,4.006473986431956,6.045035483315587,66.21498866006732,0.050652189180254936,0.270535740070045,0.44787166453897953,0.3167176814749837,0.15037005580961704,0.00019316898932134066
160.06250739097595,43.70017713867128,3.106332402676344,68.07441091164947,4.006473986431956,8.22652586363256,381.1915428843349,0.050652189180254936,0.270535740070045,0.44787166453897953,0.3167176814749837,0.15037005580961704,0.0
160.06250739097595,43.70017713867128,3.106332402676344,68.07441091164947,4.006473986431956,8.22652586363256,66.21498866006732,0.3107170360162854,0.270535740070045,0.44787166453897953,0.3167176814749837,0.15037005580961704,0.0008192407036337675
160.06250739097595,43.70017713867128,3.106332402676344,68.07441091164947,4.006473986431956,8.22652586363256,66.21498866006732,0.050652189180254936,0.9518268750980496,0.44787166453897953,0.3167176814749837,0.15037005580961704,0.00037418770640247157
160.06250739097595,43.70017713867128,3.106332402676344,68.07441091164947,4.006473986431956,8.22652586363256,66.21498866006732,0.050652189180254936,0.270535740070045,0.7969154072925448,0.3167176814749837,0.15037005580961704,0.005596092926334622
160.06250739097595,43.70017713867128,3.106332402676344,68.07441091164947,4.006473986431956,8.22652586363256,66.21498866006732,0.050652189180254936,0.270535740070045,0.44787166453897953,0.4768189722672105,0.15037005580961704,0.00011074197120708748
160.06250739097595,43.70017713867128,3.106332402676344,68.07441091164947,4.006473986431956,8.22652586363256,66.21498866006732,0.050652189180254936,0.270535740070045,0.44787166453897953,0.3167176814749837,0.007137150503695011,0.0
160.06250739097595,43.70017713867128,3.106332402676344,68.07441091164947,4.006473986431956,8.22652586363256,66.21498866006732,0.050652189180254936,0.270535740070045,0.44787166453897953,0.3167176814749837,0.15037005580961704,0.001262626262626263
104.08767914399505,109.70326741226017,6.047423244453967,65.83869791589677,1.680904516018927,7.393257123418152,206.47481135092676,0.09747773222625256,0.548489160835743,0.47377025056630373,0.41893176455050707,0.22334509901702404,0.0
139.53173618763685,109.70326741226017,6.047423244453967,65.83869791589677,1.680904516018927,7.393257123418152,206.47481135092676,0.09747773222625256,0.548489160835743,0.47377025056630373,0.41893176455050707,0.22334509901702404,0.0
104.08767914399505,156.39889020472765,6.047423244453967,65.83869791589677,1.680904516018927,7.393257123418152,206.47481135092676,0.09747773222625256,0.548489160835743,0.47377025056630373,0.41893176455050707,0.22334509901702404,4.8657065005838845e-05
104.08767914399505,109.70326741226017,7.516839585267007,65.83869791589677,1.680904516018927,7.393257123418152,206.47481135092676,0.09747773222625256,0.548489160835743,0.47377025056630373,0.41893176455050707,0.22334509901702404,0.0
104.08767914399505,109.70326741226017,6.047423244453967,20.43549987487495,1.680904516018927,7.393257123418152,206.47481135092676,0.09747773222625256,0.548489160835743,0.47377025056630373,0.41893176455050707,0.22334509901702404,0.0
104.08767914399505,109.70326741226017,6.047423244453967,65.83869791589677,7.0322339022532105,7.393257123418152,206.47481135092676,0.09747773222625256,0.548489160835743,0.47377025056630373,0.41893176455050707,0.22334509901702404,0.0
104.08767914399505,109.70326741226017,6.047423244453967,65.83869791589677,1.680904516018927,4.906181152909994,206.47481135092676,0.09747773222625256,0.548489160835743,0.47377025056630373,0.41893176455050707,0.22334509901702404,0.0
104.08767914399505,109.70326741226017,6.047423244453967,65.83869791589677,1.680904516018927,7.393257123418152,197.97570486553013,0.09747773222625256,0.548489160835743,0.47377025056630373,0.41893176455050707,0.22334509901702404,0.0
104.08767914399505,109.70326741226017,6.047423244453967,65.83869791589677,1.680904516018927,7.393257123418152,206.47481135092676,0.6110284170135856,0.548489160835743,0.47377025056630373,0.41893176455050707,0.22334509901702404,0.0
104.08767914399505,109.70326741226017,6.047423244453967,65.83869791589677,1.680904516018927,7.393257123418152,206.47481135092676,0.09747773222625256,0.9675703104585409,0.47377025056630373,0.41893176455050707,0.22334509901702404,0.0
104.08767914399505,109.70326741226017,6.047423244453967,65.83869791589677,1.680904516018927,7.393257123418152,206.47481135092676,0.09747773222625256,0.548489160835743,0.6482728058472276,0.41893176455050707,0.22334509901702404,0.0
104.08767914399505,109.70326741226017,6.047423244453967,65.83869791589677,1.680904516018927,7.393257123418152,206.47481135092676,0.09747773222625256,0.548489160835743,0.47377025056630373,0.6513136066496372,0.22334509901702404,0.0
104.08767914399505,109.70326741226017,6.047423244453967,65.83869791589677,1.680904516018927,7.393257123418152,206.47481135092676,0.09747773222625256,0.548489160835743,0.47377025056630373,0.41893176455050707,0.8260531378909945,0.0
104.08767914399505,156.39889020472765,7.516839585267007,20.43549987487495,7.0322339022532105,4.906181152909994,197.97570486553013,0.6110284170135856,0.9675703104585409,0.6482728058472276,0.6513136066496372,0.8260531378909945,0.0
139.53173618763685,109.70326741226017,7.516839585267007,20.43549987487495,7.0322339022532105,4.906181152909994,197.97570486553013,0.6110284170135856,0.9675703104585409,0.6482728058472276,0.6513136066496372,0.8260531378909945,0.0028759934859946025
139.53173618763685,156.39889020472765,6.047423244453967,20.43549987487495,7.0322339022532105,4.906181152909994,197.97570486553013,0.6110284170135856,0.9675703104585409,0.6482728058472276,0.6513136066496372,0.8260531378909945,0.0
139.53173618763685,156.39889020472765,7.516839585267007,65.83869791589677,7.0322339022532105,4.906181152909994,197.97570486553013,0.6110284170135856,0.9675703104585409,0.6482728058472276,0.6513136066496372,0.8260531378909945,0.0
139.53173618763685,156.39889020472765,7.516839585267007,20.43549987487495,1.680904516018927,4.906181152909994,197.97570486553013,0.6110284170135856,0.9675703104585409,0.6482728058472276,0.6513136066496372,0.8260531378909945,0.0
139.53173618763685,156.39889020472765,7.516839585267007,20.43549987487495,7.0322339022532105,7.393257123418152,197.97570486553013,0.6110284170135856,0.9675703104585409,0.6482728058472276,0.6513136066496372,0.8260531378909945,0.0
139.53173618763685,156.39889020472765,7.516839585267007,20.43549987487495,7.0322339022532105,4.906181152909994,206.47481135092676,0.6110284170135856,0.9675703104585409,0.6482728058472276,0.6513136066496372,0.8260531378909945,0.0
139.53173618763685,156.39889020472765,7.516839585267007,20.43549987487495,7.0322339022532105,4.906181152909994,197.97570486553013,0.09747773222625256,0.9675703104585409,0.6482728058472276,0.6513136066496372,0.8260531378909945,0.0
139.53173618763685,156.39889020472765,7.516839585267007,20.43549987487495,7.0322339022532105,4.906181152909994,197.97570486553013,0.6110284170135856,0.548489160835743,0.6482728058472276,0.6513136066496372,0.8260531378909945,0.0006172839506172838
139.53173618763685,156.39889020472765,7.516839585267007,20.43549987487495,7.0322339022532105,4.906181152909994,197.97570486553013,0.6110284170135856,0.9675703104585409,0.47377025056630373,0.6513136066496372,0.8260531378909945,0.0
139.53173618763685,156.39889020472765,7.516839585267007,20.43549987487495,7.0322339022532105,4.906181152909994,197.97570486553013,0.6110284170135856,0.9675703104585409,0.6482728058472276,0.41893176455050707,0.8260531378909945,0.0
139.53173618763685,156.39889020472765,7.516839585267007,20.43549987487495,7.0322339022532105,4.906181152909994,197.97570486553013,0.6110284170135856,0.9675703104585409,0.6482728058472276,0.6513136066496372,0.22334509901702404,0.0013333333333333337
139.53173618763685,156.39889020472765,7.516839585267007,20.43549987487495,7.0322339022532105,4.906181152909994,197.97570486553013,0.6110284170135856,0.9675703104585409,0.6482728058472276,0.6513136066496372,0.8260531378909945,0.0008310249307479224
132.70814057439566,94.48933761566877,1.8588163871318102,37.51445739530027,7.3762451792135835,3.6374853840097785,397.84307572990656,0.5670596044510603,0.10419858619570732,0.9517652010545135,0.806058157235384,0.8164867274463177,0.0
99.45289789699018,94.48933761566877,1.8588163871318102,37.51445739530027,7.3762451792135835,3.6374853840097785,397.84307572990656,0.5670596044510603,0.10419858619570732,0.9517652010545135,0.806058157235384,0.8164867274463177,0.0
132.70814057439566,50.506162559613585,1.8588163871318102,37.51445739530027,7.3762451792135835,3.6374853840097785,397.84307572990656,0.5670596044510603,0.10419858619570732,0.9517652010545135,0.806058157235384,0.8164867274463177,0.007313784967981127
132.70814057439566,94.48933761566877,3.2597393607720733,37.51445739530027,7.3762451792135835,3.6374853840097785,397.84307572990656,0.5670596044510603,0.10419858619570732,0.9517652010545135,0.806058157235384,0.8164867274463177,0.0
132.70814057439566,94.48933761566877,1.8588163871318102,97.8660657722503,7.3762451792135835,3.6374853840097785,397.84307572990656,0.5670596044510603,0.10419858619570732,0.9517652010545135,0.806058157235384,0.8164867274463177,0.0
132.70814057439566,94.48933761566877,1.8588163871318102,37.51445739530027,1.0331938453018665,3.6374853840097785,397.84307572990656,0.5670596044510603,0.10419858619570732,0.9517652010545135,0.806058157235384,0.8164867274463177,0.036465036465036474
132.70814057439566,94.48933761566877,1.8588163871318102,37.51445739530027,7.3762451792135835,7.195334003306925,397.84307572990656,0.5670596044510603,0.10419858619570732,0.9517652010545135,0.806058157235384,0.8164867274463177,0.0
132.70814057439566,94.48933761566877,1.8588163871318102,37.51445739530027,7.3762451792135835,3.6374853840097785,370.1138159725815,0.5670596044510603,0.10419858619570732,0.9517652010545135,0.806058157235384,0.8164867274463177,0.0
132.70814057439566,94.48933761566877,1.8588163871318102,37.51445739530027,7.3762451792135835,3.6374853840097785,397.84307572990656,0.2093717623502016,0.10419858619570732,0.9517652010545135,0.806058157235384,0.8164867274463177,0.0
132.70814057439566,94.48933761566877,1.8588163871318102,37.51445739530027,7.3762451792135835,3.6374853840097785,397.84307572990656,0.5670596044510603,0.17219564504921436,0.9517652010545135,0.806058157235384,0.8164867274463177,0.0
132.70814057439566,94.48933761566877,1.8588163871318102,37.51445739530027,7.3762451792135835,3.6374853840097785,397.84307572990656,0.5670596044510603,0.10419858619570732,0.10361719038337469,0.806058157235384,0.8164867274463177,0.0
132.70814057439566,94.48933761566877,1.8588163871318102,37.51445739530027,7.3762451792135835,3.6374853840097785,397.84307572990656,0.5670596044510603,0.10419858619570732,0.9517652010545135,0.30264382157474756,0.8164867274463177,0.0
132.70814057439566,94.48933761566877,1.8588163871318102,37.51445739530027,7.3762451792135835,3.6374853840097785,397.84307572990656,0.5670596044510603,0.10419858619570732,0.9517652010545135,0.806058157235384,0.4155928045511246,0.0
132.70814057439566,50.506162559613585,3.2597393607720733,97.8660657722503,1.0331938453018665,7.195334003306925,370.1138159725815,0.2093717623502016,0.17219564504921436,0.10361719038337469,0.30264382157474756,0.4155928045511246,0.0
99.45289789699018,94.48933761566877,3.2597393607720733,97.8660657722503,1.0331938453018665,7.195334003306925,370.1138159725815,0.2093717623502016,0.17219564504921436,0.10361719038337469,0.30264382157474756,0.4155928045511246,0.0
99.45289789699018,50.506162559613585,1.8588163871318102,97.8660657722503,1.0331938453018665,7.195334003306925,370.1138159725815,0.2093717623502016,0.17219564504921436,0.10361719038337469,0.30264382157474756,0.4155928045511246,0.0
99.45289789699018,50.506162559613585,3.2597393607720733,37.51445739530027,1.0331938453018665,7.195334003306925,370.1138159725815,0.2093717623502016,0.17219564504921436,0.10361719038337469,0.30264382157474756,0.4155928045511246,0.0
99.45289789699018,50.506162559613585,3.2597393607720733,97.8660657722503,7.3762451792135835,7.195334003306925,370.1138159725815,0.2093717623502016,0.17219564504921436,0.10361719038337469,0.30264382157474756,0.4155928045511246,0.0
99.45289789699018,50.506162559613585,3.2597393607720733,97.8660657722503,1.0331938453018665,3.6374853840097785,370.1138159725815,0.2093717623502016,0.17219564504921436,0.10361719038337469,0.30264382157474756,0.4155928045511246,0.0
99.45289789699018,50.506162559613585,3.2597393607720733,97.8660657722503,1.0331938453018665,7.195334003306925,397.84307572990656,0.2093717623502016,0.17219564504921436,0.10361719038337469,0.30264382157474756,0.4155928045511246,0.00018952590041235577
99.45289789699018,50.506162559613585,3.2597393607720733,97.8660657722503,1.0331938453018665,7.195334003306925,370.1138159725815,0.5670596044510603,0.17219564504921436,0.10361719038337469,0.30264382157474756,0.4155928045511246,0.0
99.45289789699018,50.506162559613585,3.2597393607720733,97.8660657722503,1.0331938453018665,7.195334003306925,370.1138159725815,0.2093717623502016,0.10419858619570732,0.10361719038337469,0.30264382157474756,0.4155928045511246,0.0
99.45289789699018,50.506162559613585,3.2597393607720733,97.8660657722503,1.0331938453018665,7.195334003306925,370.1138159725815,0.2093717623502016,0.17219564504921436,0.9517652010545135,0.30264382157474756,0.4155928045511246,0.0
99.45289789699018,50.506162559613585,3.2597393607720733,97.8660657722503,1.0331938453018665,7.195334003306925,370.1138159725815,0.2093717623502016,0.17219564504921436,0.10361719038337469,0.806058157235384,0.4155928045511246,0.0
99.45289789699018,50.506162559613585,3.2597393607720733,97.8660657722503,1.0331938453018665,7.195334003306925,370.1138159725815,0.2093717623502016,0.17219564504921436,0.10361719038337469,0.30264382157474756,0.8164867274463177,0.0
99.45289789699018,50.506162559613585,3.2597393607720733,97.8660657722503,1.0331938453018665,7.195334003306925,370.1138159725815,0.2093717623502016,0.17219564504921436,0.10361719038337469,0.30264382157474756,0.4155928045511246,0.0
153.61936589702964,186.8479540478438,9.866796479560435,77.7359058149159,8.90498667769134,3.0710200648754835,151.40072531066835,0.8635813845321536,0.44554669689387083,0.5034137181937695,0.7109119314700365,0.6104500805959105,0.0
169.49499017558992,186.8479540478438,9.866796479560435,77.7359058149159,8.90498667769134,3.0710200648754835,151.40072531066835,0.8635813845321536,0.44554669689387083,0.5034137181937695,0.7109119314700365,0.6104500805959105,0.0
153.61936589702964,116.1039851885289,9.866796479560435,77.7359058149159,8.90498667769134,3.0710200648754835,151.40072531066835,0.8635813845321536,0.44554669689387083,0.5034137181937695,0.7109119314700365,0.6104500805959105,0.0
153.61936589702964,186.8479540478438,2.0137694543227553,77.7359058149159,8.90498667769134,3.0710200648754835,151.40072531066835,0.8635813845321536,0.44554669689387083,0.5034137181937695,0.7109119314700365,0.6104500805959105,0.0
153.61936589702964,186.8479540478438,9.866796479560435,42.610310865566134,8.90498667769134,3.0710200648754835,151.40072531066835,0.8635813845321536,0.44554669689387083,0.5034137181937695,0.7109119314700365,0.6104500805959105,0.00018896447467876037
153.61936589702964,186.8479540478438,9.866796479560435,77.7359058149159,5.488034849986434,3.0710200648754835,151.40072531066835,0.8635813845321536,0.44554669689387083,0.5034137181937695,0.7109119314700365,0.6104500805959105,0.0
153.61936589702964,186.8479540478438,9.866796479560435,77.7359058149159,8.90498667769134,2.1842614049091935,151.40072531066835,0.8635813845321536,0.44554669689387083,0.5034137181937695,0.7109119314700365,0.6104500805959105,0.0
153.61936589702964,186.8479540478438,9.866796479560435,77.7359058149159,8.90498667769134,3.0710200648754835,485.61606113798916,0.8635813845321536,0.44554669689387083,0.5034137181937695,0.7109119314700365,0.6104500805959105,0.0
153.61936589702964,186.8479540478438,9.866796479560435,77.7359058149159,8.90498667769134,3.0710200648754835,151.40072531066835,0.8659412637352943,0.44554669689387083,0.5034137181937695,0.7109119314700365,0.6104500805959105,0.00018726591760299624
153.61936589702964,186.8479540478438,9.866796479560435,77.7359058149159,8.90498667769134,3.0710200648754835,151.40072531066835,0.8635813845321536,0.5196428000926971,0.5034137181937695,0.7109119314700365,0.6104500805959105,0.0
153.61936589702964,186.8479540478438,9.866796479560435,77.7359058149159,8.90498667769134,3.0710200648754835,151.40072531066835,0.8635813845321536,0.44554669689387083,0.38482327852398157,0.7109119314700365,0.6104500805959105,0.0
153.61936589702964,186.8479540478438,9.866796479560435,77.7359058149159,8.90498667769134,3.0710200648754835,151.40072531066835,0.8635813845321536,0.44554669689387083,0.5034137181937695,0.8457800270989537,0.6104500805959105,0.0
153.61936589702964,186.8479540478438,9.866796479560435,77.7359058149159,8.90498667769134,3.0710200648754835,151.40072531066835,0.8635813845321536,0.44554669689387083,0.5034137181937695,0.7109119314700365,0.5209893761202693,0.0
153.61936589702964,116.1039851885289,2.0137694543227553,42.610310865566134,5.488034849986434,2.1842614049091935,485.61606113798916,0.8659412637352943,0.5196428000926971,0.38482327852398157,0.8457800270989537,0.5209893761202693,0.0
169.49499017558992,186.8479540478438,2.0137694543227553,42.610310865566134,5.488034849986434,2.1842614049091935,485.61606113798916,0.8659412637352943,0.5196428000926971,0.38482327852398157,0.8457800270989537,0.5209893761202693,0.0
169.49499017558992,116.1039851885289,9.866796479560435,42.610310865566134,5.488034849986434,2.1842614049091935,485.61606113798916,0.8659412637352943,0.5196428000926971,0.38482327852398157,0.8457800270989537,0.5209893761202693,0.0
169.49499017558992,116.1039851885289,2.0137694543227553,77.7359058149159,5.488034849986434,2.1842614049091935,485.61606113798916,0.8659412637352943,0.5196428000926971,0.38482327852398157,0.8457800270989537,0.5209893761202693,0.0
169.49499017558992,116.1039851885289,2.0137694543227553,42.610310865566134,8.90498667769134,2.1842614049091935,485.61606113798916,0.8659412637352943,0.5196428000926971,0.38482327852398157,0.8457800270989537,0.5209893761202693,0.0
169.49499017558992,116.1039851885289,2.0137694543227553,42.610310865566134,5.488034849986434,3.0710200648754835,485.61606113798916,0.8659412637352943,0.5196428000926971,0.38482327852398157,0.8457800270989537,0.5209893761202693,0.0
169.49499017558992,116.1039851885289,2.0137694543227553,42.610310865566134,5.488034849986434,2.1842614049091935,151.40072531066835,0.8659412637352943,0.5196428000926971,0.38482327852398157,0.8457800270989537,0.5209893761202693,0.00516607724845711
169.49499017558992,116.1039851885289,2.0137694543227553,42.610310865566134,5.488034849986434,2.1842614049091935,485.61606113798916,0.8635813845321536,0.5196428000926971,0.38482327852398157,0.8457800270989537,0.5209893761202693,0.0
169.49499017558992,116.1039851885289,2.0137694543227553,42.610310865566134,5.488034849986434,2.1842614049091935,485.61606113798916,0.8659412637352943,0.44554669689387083,0.38482327852398157,0.8457800270989537,0.5209893761202693,0.0
169.49499017558992,116.1039851885289,2.0137694543227553,42.610310865566134,5.488034849986434,2.1842614049091935,485.61606113798916,0.8659412637352943,0.5196428000926971,0.5034137181937695,0.8457800270989537,0.5209893761202693,0.0
169.49499017558992,116.1039851885289,2.0137694543227553,42.610310865566134,5.488034849986434,2.1842614049091935,485.61606113798916,0.8659412637352943,0.5196428000926971,0.38482327852398157,0.7109119314700365,0.5209893761202693,0.006287623711866135
169.49499017558992,116.1039851885289,2.0137694543227553,42.610310865566134,5.488034849986434,2.1842614049091935,485.61606113798916,0.8659412637352943,0.5196428000926971,0.38482327852398157,0.8457800270989537,0.6104500805959105,0.0
169.49499017558992,116.1039851885289,2.0137694543227553,42.610310865566134,5.488034849986434,2.1842614049091935,485.61606113798916,0.8659412637352943,0.5196428000926971,0.38482327852398157,0.8457800270989537,0.5209893761202693,0.0
29.349196664988995,29.13266597315669,4.789395676925778,15.7085838355124,3.4908836763352156,7.898233454674482,340.54436553269625,0.3312563253566623,0.8937121769413352,0.039800358936190605,0.06482865940779448,0.45480478275567293,0.00016534391534391533
10.66766906529665,29.13266597315669,4.789395676925778,15.7085838355124,3.4908836763352156,7.898233454674482,340.54436553269625,0.3312563253566623,0.8937121769413352,0.039800358936190605,0.06482865940779448,0.45480478275567293,0.0
29.349196664988995,102.88214221596718,4.789395676925778,15.7085838355124,3.4908836763352156,7.898233454674482,340.54436553269625,0.3312563253566623,0.8937121769413352,0.039800358936190605,0.06482865940779448,0.45480478275567293,0.0
29.349196664988995,29.13266597315669,9.079181141220033,15.7085838355124,3.4908836763352156,7.898233454674482,340.54436553269625,0.3312563253566623,0.8937121769413352,0.039800358936190605,0.06482865940779448,0.45480478275567293,0.00015133171912832928
29.349196664988995,29.13266597315669,4.789395676925778,74.86723725683987,3.4908836763352156,7.898233454674482,340.54436553269625,0.3312563253566623,0.8937121769413352,0.039800358936190605,0.06482865940779448,0.45480478275567293,0.0
29.349196664988995,29.13266597315669,4.789395676925778,15.7085838355124,8.481145258061588,7.898233454674482,340.54436553269625,0.3312563253566623,0.8937121769413352,0.039800358936190605,0.06482865940779448,0.45480478275567293,0.0
29.349196664988995,29.13266597315669,4.789395676925778,15.7085838355124,3.4908836763352156,9.949118260294199,340.54436553269625,0.3312563253566623,0.8937121769413352,0.039800358936190605,0.06482865940779448,0.45480478275567293,0.0
29.349196664988995,29.13266597315669,4.789395676925778,15.7085838355124,3.4908836763352156,7.898233454674482,88.48213092423975,0.3312563253566623,0.8937121769413352,0.039800358936190605,0.06482865940779448,0.45480478275567293,0.0
29.349196664988995,29.13266597315669,4.789395676925778,15.7085838355124,3.4908836763352156,7.898233454674482,340.54436553269625,0.45451994705945253,0.8937121769413352,0.039800358936190605,0.06482865940779448,0.45480478275567293,0.0
29.349196664988995,29.13266597315669,4.789395676925778,15.7085838355124,3.4908836763352156,7.898233454674482,340.54436553269625,0.3312563253566623,0.3696439303457737,0.039800358936190605,0.06482865940779448,0.45480478275567293,0.0
29.349196664988995,29.13266597315669,4.789395676925778,15.7085838355124,3.4908836763352156,7.898233454674482,340.54436553269625,0.3312563253566623,0.8937121769413352,0.8669483875855803,0.06482865940779448,0.45480478275567293,0.0
29.349196664988995,29.13266597315669,4.789395676925778,15.7085838355124,3.4908836763352156,7.898233454674482,340.54436553269625,0.3312563253566623,0.8937121769413352,0.039800358936190605,0.20024728029966354,0.45480478275567293,0.0
29.349196664988995,29.13266597315669,4.789395676925778,15.7085838355124,3.4908836763352156,7.898233454674482,340.54436553269625,0.3312563253566623,0.8937121769413352,0.039800358936190605,0.06482865940779448,0.23541181534528732,0.0
29.349196664988995,102.88214221596718,9.079181141220033,74.86723725683987,8.481145258061588,9.949118260294199,88.48213092423975,0.45451994705945253,0.3696439303457737,0.8669483875855803,0.20024728029966354,0.23541181534528732,0.0
10.66766906529665,29.13266597315669,9.079181141220033,74.86723725683987,8.481145258061588,9.949118260294199,88.48213092423975,0.45451994705945253,0.3696439303457737,0.8669483875855803,0.20024728029966354,0.23541181534528732,0.0
10.66766906529665,102.88214221596718,4.789395676925778,74.86723725683987,8.481145258061588,9.949118260294199,88.48213092423975,0.45451994705945253,0.3696439303457737,0.8669483875855803,0.20024728029966354,0.23541181534528732,0.0
10.66766906529665,102.88214221596718,9.079181141220033,15.7085838355124,8.481145258061588,9.949118260294199,88.48213092423975,0.45451994705945253,0.3696439303457737,0.8669483875855803,0.20024728029966354,0.23541181534528732,0.0
10.66766906529665,102.88214221596718,9.079181141220033,74.86723725683987,3.4908836763352156,9.949118260294199,88.48213092423975,0.45451994705945253,0.3696439303457737,0.8669483875855803,0.20024728029966354,0.23541181534528732,0.0
10.66766906529665,102.88214221596718,9.079181141220033,74.86723725683987,8.481145258061588,7.898233454674482,88.48213092423975,0.45451994705945253,0.3696439303457737,0.8669483875855803,0.20024728029966354,0.23541181534528732,0.0
10.66766906529665,102.88214221596718,9.079181141220033,74.86723725683987,8.481145258061588,9.949118260294199,340.54436553269625,0.45451994705945253,0.3696439303457737,0.8669483875855803,0.20024728029966354,0.23541181534528732,0.0
10.66766906529665,102.88214221596718,9.079181141220033,74.86723725683987,8.481145258061588,9.949118260294199,88.48213092423975,0.3312563253566623,0.3696439303457737,0.8669483875855803,0.20024728029966354,0.23541181534528732,0.0
10.66766906529665,102.88214221596718,9.079181141220033,74.86723725683987,8.481145258061588,9.949118260294199,88.48213092423975,0.45451994705945253,0.8937121769413352,0.8669483875855803,0.20024728029966354,0.23541181534528732,0.0
10.66766906529665,102.88214221596718,9.079181141220033,74.86723725683987,8.481145258061588,9.949118260294199,88.48213092423975,0.45451994705945253,0.3696439303457737,0.039800358936190605,0.20024728029966354,0.23541181534528732,0.0
10.66766906529665,102.88214221596718,9.079181141220033,74.86723725683987,8.481145258061588,9.949118260294199,88.48213092423975,0.45451994705945253,0.3696439303457737,0.8669483875855803,0.06482865940779448,0.23541181534528732,0.0
10.66766906529665,102.88214221596718,9.079181141220033,74.86723725683987,8.481145258061588,9.949118260294199,88.48213092423975,0.45451994705945253,0.3696439303457737,0.8669483875855803,0.20024728029966354,0.45480478275567293,0.0
10.66766906529665,102.88214221596718,9.079181141220033,74.86723725683987,8.481145258061588,9.949118260294199,88.48213092423975,0.45451994705945253,0.3696439303457737,0.8669483875855803,0.20024728029966354,0.23541181534528732,0.0
56.042173001915216,161.50235100649297,2.9714672956615686,23.13222425058484,5.244076834060252,6.218799561262131,65.65699279308319,0.8938380060717463,0.2823388269171119,0.8491149041801691,0.6172989225015044,0.31777467112988234,0.0012454626227254453
195.39725472219288,161.50235100649297,2.9714672956615686,23.13222425058484,5.244076834060252,6.218799561262131,65.65699279308319,0.8938380060717463,0.2823388269171119,0.8491149041801691,0.6172989225015044,0.31777467112988234,0.0
56.042173001915216,30.692893620580435,2.9714672956615686,23.13222425058484,5.244076834060252,6.218799561262131,65.65699279308319,0.8938380060717463,0.2823388269171119,0.8491149041801691,0.6172989225015044,0.31777467112988234,0.002212584014143192
56.042173001915216,161.50235100649297,8.474635243415833,23.13222425058484,5.244076834060252,6.218799561262131,65.65699279308319,0.8938380060717463,0.2823388269171119,0.8491149041801691,0.6172989225015044,0.31777467112988234,6.559097468188377e-05
56.042173001915216,161.50235100649297,2.9714672956615686,64.10602978430688,5.244076834060252,6.218799561262131,65.65699279308319,0.8938380060717463,0.2823388269171119,0.8491149041801691,0.6172989225015044,0.31777467112988234,0.0011964584828906446
56.042173001915216,161.50235100649297,2.9714672956615686,23.13222425058484,8.904021845199168,6.218799561262131,65.65699279308319,0.8938380060717463,0.2823388269171119,0.8491149041801691,0.6172989225015044,0.31777467112988234,0.0017322954822954816
56.042173001915216,161.50235100649297,2.9714672956615686,23.13222425058484,5.244076834060252,8.55303258355707,65.65699279308319,0.8938380060717463,0.2823388269171119,0.8491149041801691,0.6172989225015044,0.31777467112988234,0.0
56.042173001915216,161.50235100649297,2.9714672956615686,23.13222425058484,5.244076834060252,6.218799561262131,437.6262251287699,0.8938380060717463,0.2823388269171119,0.8491149041801691,0.6172989225015044,0.31777467112988234,0.0
56.042173001915216,161.50235100649297,2.9714672956615686,23.13222425058484,5.244076834060252,6.218799561262131,65.65699279308319,0.7245732760056853,0.2823388269171119,0.8491149041801691,0.6172989225015044,0.31777467112988234,0.0
56.042173001915216,161.50235100649297,2.9714672956615686,23.13222425058484,5.244076834060252,6.218799561262131,65.65699279308319,0.8938380060717463,0.8403454618528485,0.8491149041801691,0.6172989225015044,0.31777467112988234,9.98302885095338e-05
56.042173001915216,161.50235100649297,2.9714672956615686,23.13222425058484,5.244076834060252,6.218799561262131,65.65699279308319,0.8938380060717463,0.2823388269171119,0.5326675605028868,0.6172989225015044,0.31777467112988234,4.726541174007015e-05
56.042173001915216,161.50235100649297,2.9714672956615686,23.13222425058484,5.244076834060252,6.218799561262131,65.65699279308319,0.8938380060717463,0.2823388269171119,0.8491149041801691,0.9022162277251482,0.31777467112988234,0.0011682242990654213
56.042173001915216,161.50235100649297,2.9714672956615686,23.13222425058484,5.244076834060252,6.218799561262131,65.65699279308319,0.8938380060717463,0.2823388269171119,0.8491149041801691,0.6172989225015044,0.05148716177791357,0.0
56.042173001915216,30.692893620580435,8.474635243415833,64.10602978430688,8.904021845199168,8.55303258355707,437.6262251287699,0.7245732760056853,0.8403454618528485,0.5326675605028868,0.9022162277251482,0.05148716177791357,0.0
195.39725472219288,161.50235100649297,8.474635243415833,64.10602978430688,8.904021845199168,8.55303258355707,437.6262251287699,0.7245732760056853,0.8403454618528485,0.5326675605028868,0.9022162277251482,0.05148716177791357,0.0
195.39725472219288,30.692893620580435,2.9714672956615686,64.10602978430688,8.904021845199168,8.55303258355707,437.6262251287699,0.7245732760056853,0.8403454618528485,0.5326675605028868,0.9022162277251482,0.05148716177791357,0.0
195.39725472219288,30.692893620580435,8.474635243415833,23.13222425058484,8.904021845199168,8.55303258355707,437.6262251287699,0.7245732760056853,0.8403454618528485,0.5326675605028868,0.9022162277251482,0.05148716177791357,0.0
195.39725472219288,30.692893620580435,8.474635243415833,64.10602978430688,5.244076834060252,8.55303258355707,437.6262251287699,0.7245732760056853,0.8403454618528485,0.5326675605028868,0.9022162277251482,0.05148716177791357,0.0
195.39725472219288,30.692893620580435,8.474635243415833,64.10602978430688,8.904021845199168,6.218799561262131,437.6262251287699,0.7245732760056853,0.8403454618528485,0.5326675605028868,0.9022162277251482,0.05148716177791357,0.0
195.39725472219288,30.692893620580435,8.474635243415833,64.10602978430688,8.904021845199168,8.55303258355707,65.65699279308319,0.7245732760056853,0.8403454618528485,0.5326675605028868,0.9022162277251482,0.05148716177791357,0.0
195.39725472219288,30.692893620580435,8.474635243415833,64.10602978430688,8.904021845199168,8.55303258355707,437.6262251287699,0.8938380060717463,0.8403454618528485,0.5326675605028868,0.9022162277251482,0.05148716177791357,0.0
195.39725472219288,30.692893620580435,8.474635243415833,64.10602978430688,8.904021845199168,8.55303258355707,437.6262251287699,0.7245732760056853,0.2823388269171119,0.5326675605028868,0.9022162277251482,0.05148716177791357,0.0
195.39725472219288,30.692893620580435,8.474635243415833,64.10602978430688,8.904021845199168,8.55303258355707,437.6262251287699,0.7245732760056853,0.8403454618528485,0.8491149041801691,0.9022162277251482,0.05148716177791357,0.0
195.39725472219288,30.692893620580435,8.474635243415833,64.10602978430688,8.904021845199168,8.55303258355707,437.6262251287699,0.7245732760056853,0.8403454618528485,0.5326675605028868,0.6172989225015044,0.05148716177791357,0.0
195.39725472219288,30.692893620580435,8.474635243415833,64.10602978430688,8.904021845199168,8.55303258355707,437.6262251287699,0.7245732760056853,0.8403454618528485,0.5326675605028868,0.9022162277251482,0.31777467112988234,0.0
195.39725472219288,30.692893620580435,8.474635243415833,64.10602978430688,8.904021845199168,8.55303258355707,437.6262251287699,0.7245732760056853,0.8403454618528485,0.5326675605028868,0.9022162277251482,0.05148716177791357,0.0
180.40520556271076,54.258666802197695,7.184793257154524,96.41509437933564,8.829986170865595,4.750450002029538,310.25359029881656,0.4259651182219386,0.8691759360954165,0.32691166549921036,0.23195661418139935,0.7243926832452416,0.0
45.47473402693868,54.258666802197695,7.184793257154524,96.41509437933564,8.829986170865595,4.750450002029538,310.25359029881656,0.4259651182219386,0.8691759360954165,0.32691166549921036,0.23195661418139935,0.7243926832452416,0.0
180.40520556271076,182.33524777926505,7.184793257154524,96.41509437933564,8.829986170865595,4.750450002029538,310.25359029881656,0.4259651182219386,0.8691759360954165,0.32691166549921036,0.23195661418139935,0.7243926832452416,0.0
180.40520556271076,54.258666802197695,2.600212335586548,96.41509437933564,8.829986170865595,4.750450002029538,310.25359029881656,0.4259651182219386,0.8691759360954165,0.32691166549921036,0.23195661418139935,0.7243926832452416,0.0
180.40520556271076,54.258666802197695,7.184793257154524,54.17356320656836,8.829986170865595,4.750450002029538,310.25359029881656,0.4259651182219386,0.8691759360954165,0.32691166549921036,0.23195661418139935,0.7243926832452416,0.0
180.40520556271076,54.258666802197695,7.184793257154524,96.41509437933564,3.6619199477136135,4.750450002029538,310.25359029881656,0.4259651182219386,0.8691759360954165,0.32691166549921036,0.23195661418139935,0.7243926832452416,0.0
180.40520556271076,54.258666802197695,7.184793257154524,96.41509437933564,8.829986170865595,1.3501183483749628,310.25359029881656,0.4259651182219386,0.8691759360954165,0.32691166549921036,0.23195661418139935,0.7243926832452416,0.0
180.40520556271076,54.258666802197695,7.184793257154524,96.41509437933564,8.829986170865595,4.750450002029538,160.2021800354123,0.4259651182219386,0.8691759360954165,0.32691166549921036,0.23195661418139935,0.7243926832452416,0.0
180.40520556271076,54.258666802197695,7.184793257154524,96.41509437933564,8.829986170865595,4.750450002029538,310.25359029881656,0.06458441354334354,0.8691759360954165,0.32691166549921036,0.23195661418139935,0.7243926832452416,0.0
180.40520556271076,54.258666802197695,7.184793257154524,96.41509437933564,8.829986170865595,4.750450002029538,310.25359029881656,0.4259651182219386,0.04893986973911524,0.32691166549921036,0.23195661418139935,0.7243926832452416,0.0
180.40520556271076,54.258666802197695,7.184793257154524,96.41509437933564,8.829986170865595,4.750450002029538,310.25359029881656,0.4259651182219386,0.8691759360954165,0.2155679240822792,0.23195661418139935,0.7243926832452416,0.0
180.40520556271076,54.258666802197695,7.184793257154524,96.41509437933564,8.829986170865595,4.750450002029538,310.25359029881656,0.4259651182219386,0.8691759360954165,0.32691166549921036,0.05154093261808157,0.7243926832452416,0.0
180.40520556271076,54.258666802197695,7.184793257154524,96.41509437933564,8.829986170865595,4.750450002029538,310.25359029881656,0.4259651182219386,0.8691759360954165,0.32691166549921036,0.23195661418139935,0.7038916684687138,0.0
180.40520556271076,182.33524777926505,2.600212335586548,54.17356320656836,3.6619199477136135,1.3501183483749628,160.2021800354123,0.06458441354334354,0.04893986973911524,0.2155679240822792,0.05154093261808157,0.7038916684687138,0.0
45.47473402693868,54.258666802197695,2.600212335586548,54.17356320656836,3.6619199477136135,1.3501183483749628,160.2021800354123,0.06458441354334354,0.04893986973911524,0.2155679240822792,0.05154093261808157,0.7038916684687138,0.0
45.47473402693868,182.33524777926505,7.184793257154524,54.17356320656836,3.6619199477136135,1.3501183483749628,160.2021800354123,0.06458441354334354,0.04893986973911524,0.2155679240822792,0.05154093261808157,0.7038916684687138,0.0
45.47473402693868,182.33524777926505,2.600212335586548,96.41509437933564,3.6619199477136135,1.3501183483749628,160.2021800354123,0.06458441354334354,0.04893986973911524,0.2155679240822792,0.05154093261808157,0.7038916684687138,0.0
45.47473402693868,182.33524777926505,2.600212335586548,54.17356320656836,8.829986170865595,1.3501183483749628,160.2021800354123,0.06458441354334354,0.04893986973911524,0.2155679240822792,0.05154093261808157,0.7038916684687138,0.0
45.47473402693868,182.33524777926505,2.600212335586548,54.17356320656836,3.6619199477136135,4.750450002029538,160.2021800354123,0.06458441354334354,0.04893986973911524,0.2155679240822792,0.05154093261808157,0.7038916684687138,0.0023361823361823376
45.47473402693868,182.33524777926505,2.600212335586548,54.17356320656836,3.6619199477136135,1.3501183483749628,310.25359029881656,0.06458441354334354,0.04893986973911524,0.2155679240822792,0.05154093261808157,0.7038916684687138,0.0
45.47473402693868,182.33524777926505,2.600212335586548,54.17356320656836,3.6619199477136135,1.3501183483749628,160.2021800354123,0.4259651182219386,0.04893986973911524,0.2155679240822792,0.05154093261808157,0.7038916684687138,0.0
45.47473402693868,182.33524777926505,2.600212335586548,54.17356320656836,3.6619199477136135,1.3501183483749628,160.2021800354123,0.06458441354334354,0.8691759360954165,0.2155679240822792,0.05154093261808157,0.7038916684687138,0.003639846743295019
45.47473402693868,182.33524777926505,2.600212335586548,54.17356320656836,3.6619199477136135,1.3501183483749628,160.2021800354123,0.06458441354334354,0.04893986973911524,0.32691166549921036,0.05154093261808157,0.7038916684687138,0.0
45.47473402693868,182.33524777926505,2.600212335586548,54.17356320656836,3.6619199477136135,1.3501183483749628,160.2021800354123,0.06458441354334354,0.04893986973911524,0.2155679240822792,0.23195661418139935,0.7038916684687138,0.0027726432532347504
45.47473402693868,182.33524777926505,2.600212335586548,54.17356320656836,3.6619199477136135,1.3501183483749628,160.2021800354123,0.06458441354334354,0.04893986973911524,0.2155679240822792,0.05154093261808157,0.7243926832452416,0.0
45.47473402693868,182.33524777926505,2.600212335586548,54.17356320656836,3.6619199477136135,1.3501183483749628,160.2021800354123,0.06458441354334354,0.04893986973911524,0.2155679240822792,0.05154093261808157,0.7038916684687138,0.000980392156862745
105.96941525116563,131.86046303249896,3.661981487646699,53.293255334720016,5.894961496815085,1.9581202892586589,233.27903673052788,0.12972204945981503,0.711453165858984,0.128069001249969,0.25302141159772873,0.9539031032472849,0.0
106.24237606301904,131.86046303249896,3.661981487646699,53.293255334720016,5.894961496815085,1.9581202892586589,233.27903673052788,0.12972204945981503,0.711453165858984,0.128069001249969,0.25302141159772873,0.9539031032472849,0.0
105.96941525116563,69.62828082032502,3.661981487646699,53.293255334720016,5.894961496815085,1.9581202892586589,233.27903673052788,0.12972204945981503,0.711453165858984,0.128069001249969,0.25302141159772873,0.9539031032472849,0.0
105.96941525116563,131.86046303249896,4.975473776459694,53.293255334720016,5.894961496815085,1.9581202892586589,233.27903673052788,0.12972204945981503,0.711453165858984,0.128069001249969,0.25302141159772873,0.9539031032472849,0.0
105.96941525116563,131.86046303249896,3.661981487646699,86.12728430889547,5.894961496815085,1.9581202892586589,233.27903673052788,0.12972204945981503,0.711453165858984,0.128069001249969,0.25302141159772873,0.9539031032472849,0.0
105.96941525116563,131.86046303249896,3.661981487646699,53.293255334720016,2.8609343003481627,1.9581202892586589,233.27903673052788,0.12972204945981503,0.711453165858984,0.128069001249969,0.25302141159772873,0.9539031032472849,0.0
105.96941525116563,131.86046303249896,3.661981487646699,53.293255334720016,5.894961496815085,6.3574780989438295,233.27903673052788,0.12972204945981503,0.711453165858984,0.128069001249969,0.25302141159772873,0.9539031032472849,0.0
105.96941525116563,131.86046303249896,3.661981487646699,53.293255334720016,5.894961496815085,1.9581202892586589,274.0902181714773,0.12972204945981503,0.711453165858984,0.128069001249969,0.25302141159772873,0.9539031032472849,0.0
105.96941525116563,131.86046303249896,3.661981487646699,53.293255334720016,5.894961496815085,1.9581202892586589,233.27903673052788,0.9716745764017105,0.711453165858984,0.128069001249969,0.25302141159772873,0.9539031032472849,0.0
105.96941525116563,131.86046303249896,3.661981487646699,53.293255334720016,5.894961496815085,1.9581202892586589,233.27903673052788,0.12972204945981503,0.6468066452071071,0.128069001249969,0.25302141159772873,0.9539031032472849,0.0
105.96941525116563,131.86046303249896,3.661981487646699,53.293255334720016,5.894961496815085,1.9581202892586589,233.27903673052788,0.12972204945981503,0.711453165858984,0.30923587642610073,0.25302141159772873,0.9539031032472849,0.0
105.96941525116563,131.86046303249896,3.661981487646699,53.293255334720016,5.894961496815085,1.9581202892586589,233.27903673052788,0.12972204945981503,0.711453165858984,0.128069001249969,0.5969059271737933,0.9539031032472849,0.0
105.96941525116563,131.86046303249896,3.661981487646699,53.293255334720016,5.894961496815085,1.9581202892586589,233.27903673052788,0.12972204945981503,0.711453165858984,0.128069001249969,0.25302141159772873,0.35562107618898153,0.0
105.96941525116563,69.62828082032502,4.975473776459694,86.12728430889547,2.8609343003481627,6.3574780989438295,274.0902181714773,0.9716745764017105,0.6468066452071071,0.30923587642610073,0.5969059271737933,0.35562107618898153,0.0
106.24237606301904,131.86046303249896,4.975473776459694,86.12728430889547,2.8609343003481627,6.3574780989438295,274.0902181714773,0.9716745764017105,0.6468066452071071,0.30923587642610073,0.5969059271737933,0.35562107618898153,0.00022820629849383843
106.24237606301904,69.62828082032502,3.661981487646699,86.12728430889547,2.8609343003481627,6.3574780989438295,274.0902181714773,0.9716745764017105,0.6468066452071071,0.30923587642610073,0.5969059271737933,0.35562107618898153,0.001501062651324075
106.24237606301904,69.62828082032502,4.975473776459694,53.293255334720016,2.8609343003481627,6.3574780989438295,274.0902181714773,0.9716745764017105,0.6468066452071071,0.30923587642610073,0.5969059271737933,0.35562107618898153,0.0
106.24237606301904,69.62828082032502,4.975473776459694,86.12728430889547,5.894961496815085,6.3574780989438295,274.0902181714773,0.9716745764017105,0.6468066452071071,0.30923587642610073,0.5969059271737933,0.35562107618898153,0.0
106.24237606301904,69.62828082032502,4.975473776459694,86.12728430889547,2.8609343003481627,1.9581202892586589,274.0902181714773,0.9716745764017105,0.6468066452071071,0.30923587642610073,0.5969059271737933,0.35562107618898153,0.0
106.24237606301904,69.62828082032502,4.975473776459694,86.12728430889547,2.8609343003481627,6.3574780989438295,233.27903673052788,0.9716745764017105,0.6468066452071071,0.30923587642610073,0.5969059271737933,0.35562107618898153,0.0
106.24237606301904,69.62828082032502,4.975473776459694,86.12728430889547,2.8609343003481627,6.3574780989438295,274.0902181714773,0.12972204945981503,0.6468066452071071,0.30923587642610073,0.5969059271737933,0.35562107618898153,0.0
106.24237606301904,69.62828082032502,4.975473776459694,86.12728430889547,2.8609343003481627,6.3574780989438295,274.0902181714773,0.9716745764017105,0.711453165858984,0.30923587642610073,0.5969059271737933,0.35562107618898153,0.0
106.24237606301904,69.62828082032502,4.975473776459694,86.12728430889547,2.8609343003481627,6.3574780989438295,274.0902181714773,0.9716745764017105,0.6468066452071071,0.128069001249969,0.5969059271737933,0.35562107618898153,0.0
106.24237606301904,69.62828082032502,4.975473776459694,86.12728430889547,2.8609343003481627,6.3574780989438295,274.0902181714773,0.9716745764017105,0.6468066452071071,0.30923587642610073,0.25302141159772873,0.35562107618898153,0.0
106.24237606301904,69.62828082032502,4.975473776459694,86.12728430889547,2.8609343003481627,6.3574780989438295,274.0902181714773,0.9716745764017105,0.6468066452071071,0.30923587642610073,0.5969059271737933,0.9539031032472849,0.0
106.24237606301904,69.62828082032502,4.975473776459694,86.12728430889547,2.8609343003481627,6.3574780989438295,274.0902181714773,0.9716745764017105,0.6468066452071071,0.30923587642610073,0.5969059271737933,0.35562107618898153,0.0034828421846779902
77.44181714951992,72.11251996457577,8.744326003827155,70.36194770596921,2.5903144981712103,9.072618530131876,480.04554132930934,0.6598498430103064,0.12849047034978867,0.6646539429202676,0.8969849059358239,0.10978106409311295,0.0
75.0712373573333,72.11251996457577,8.744326003827155,70.36194770596921,2.5903144981712103,9.072618530131876,480.04554132930934,0.6598498430103064,0.12849047034978867,0.6646539429202676,0.8969849059358239,0.10978106409311295,0.0
77.44181714951992,131.35975936427712,8.744326003827155,70.36194770596921,2.5903144981712103,9.072618530131876,480.04554132930934,0.6598498430103064,0.12849047034978867,0.6646539429202676,0.8969849059358239,0.10978106409311295,0.0
77.44181714951992,72.11251996457577,5.782933488488197,70.36194770596921,2.5903144981712103,9.072618530131876,480.04554132930934,0.6598498430103064,0.12849047034978867,0.6646539429202676,0.8969849059358239,0.10978106409311295,0.0
77.44181714951992,72.11251996457577,8.744326003827155,31.372236469760537,2.5903144981712103,9.072618530131876,480.04554132930934,0.6598498430103064,0.12849047034978867,0.6646539429202676,0.8969849059358239,0.10978106409311295,0.0
77.44181714951992,72.11251996457577,8.744326003827155,70.36194770596921,6.6088285176083446,9.072618530131876,480.04554132930934,0.6598498430103064,0.12849047034978867,0.6646539429202676,0.8969849059358239,0.10978106409311295,0.0
77.44181714951992,72.11251996457577,8.744326003827155,70.36194770596921,2.5903144981712103,3.5050275763496757,480.04554132930934,0.6598498430103064,0.12849047034978867,0.6646539429202676,0.8969849059358239,0.10978106409311295,0.0
77.44181714951992,72.11251996457577,8.744326003827155,70.36194770596921,2.5903144981712103,9.072618530131876,326.51865873485804,0.6598498430103064,0.12849047034978867,0.6646539429202676,0.8969849059358239,0.10978106409311295,0.0
77.44181714951992,72.11251996457577,8.744326003827155,70.36194770596921,2.5903144981712103,9.072618530131876,480.04554132930934,0.31754414457827806,0.12849047034978867,0.6646539429202676,0.8969849059358239,0.10978106409311295,0.0
77.44181714951992,72.11251996457577,8.744326003827155,70.36194770596921,2.5903144981712103,9.072618530131876,480.04554132930934,0.6598498430103064,0.49296077247709036,0.6646539429202676,0.8969849059358239,0.10978106409311295,0.0
77.44181714951992,72.11251996457577,8.744326003827155,70.36194770596921,2.5903144981712103,9.072618530131876,480.04554132930934,0.6598498430103064,0.12849047034978867,0.9388660192489624,0.8969849059358239,0.10978106409311295,0.01010364736921452
77.44181714951992,72.11251996457577,8.744326003827155,70.36194770596921,2.5903144981712103,9.072618530131876,480.04554132930934,0.6598498430103064,0.12849047034978867,0.6646539429202676,0.44935217313468456,0.10978106409311295,0.0
77.44181714951992,72.11251996457577,8.744326003827155,70.36194770596921,2.5903144981712103,9.072618530131876,480.04554132930934,0.6598498430103064,0.12849047034978867,0.6646539429202676,0.8969849059358239,0.8831409327685833,0.0
77.44181714951992,131.35975936427712,5.782933488488197,31.372236469760537,6.6088285176083446,3.5050275763496757,326.51865873485804,0.31754414457827806,0.49296077247709036,0.9388660192489624,0.44935217313468456,0.8831409327685833,0.0
75.0712373573333,72.11251996457577,5.782933488488197,31.372236469760537,6.6088285176083446,3.5050275763496757,326.51865873485804,0.31754414457827806,0.49296077247709036,0.9388660192489624,0.44935217313468456,0.8831409327685833,0.0
75.0712373573333,131.35975936427712,8.744326003827155,31.372236469760537,6.6088285176083446,3.5050275763496757,326.51865873485804,0.31754414457827806,0.49296077247709036,0.9388660192489624,0.44935217313468456,0.8831409327685833,0.0
75.0712373573333,131.35975936427712,5.782933488488197,70.36194770596921,6.6088285176083446,3.5050275763496757,326.51865873485804,0.31754414457827806,0.49296077247709036,0.9388660192489624,0.44935217313468456,0.8831409327685833,0.0
75.0712373573333,131.35975936427712,5.782933488488197,31.372236469760537,2.5903144981712103,3.5050275763496757,326.51865873485804,0.31754414457827806,0.49296077247709036,0.9388660192489624,0.44935217313468456,0.8831409327685833,0.0
75.0712373573333,131.35975936427712,5.782933488488197,31.372236469760537,6.6088285176083446,9.072618530131876,326.51865873485804,0.31754414457827806,0.49296077247709036,0.9388660192489624,0.44935217313468456,0.8831409327685833,0.0
75.0712373573333,131.35975936427712,5.782933488488197,31.372236469760537,6.6088285176083446,3.5050275763496757,480.04554132930934,0.31754414457827806,0.49296077247709036,0.9388660192489624,0.44935217313468456,0.8831409327685833,0.0
75.0712373573333,131.35975936427712,5.782933488488197,31.372236469760537,6.6088285176083446,3.5050275763496757,326.51865873485804,0.6598498430103064,0.49296077247709036,0.9388660192489624,0.44935217313468456,0.8831409327685833,0.0
75.0712373573333,131.35975936427712,5.782933488488197,31.372236469760537,6.6088285176083446,3.5050275763496757,326.51865873485804,0.31754414457827806,0.12849047034978867,0.9388660192489624,0.44935217313468456,0.8831409327685833,0.0
75.0712373573333,131.35975936427712,5.782933488488197,31.372236469760537,6.6088285176083446,3.5050275763496757,326.51865873485804,0.31754414457827806,0.49296077247709036,0.6646539429202676,0.44935217313468456,0.8831409327685833,0.0
75.0712373573333,131.35975936427712,5.782933488488197,31.372236469760537,6.6088285176083446,3.5050275763496757,326.51865873485804,0.31754414457827806,0.49296077247709036,0.9388660192489624,0.8969849059358239,0.8831409327685833,0.0
75.0712373573333,131.35975936427712,5.782933488488197,31.372236469760537,6.6088285176083446,3.5050275763496757,326.51865873485804,0.31754414457827806,0.49296077247709036,0.9388660192489624,0.44935217313468456,0.10978106409311295,0.0
75.0712373573333,131.35975936427712,5.782933488488197,31.372236469760537,6.6088285176083446,3.5050275763496757,326.51865873485804,0.31754414457827806,0.49296077247709036,0.9388660192489624,0.44935217313468456,0.8831409327685833,0.0
