Nomads,Fights_per_step,Cooperation_per_step,Tribe_0_Nomads,Tribe_1_Nomads,Tribe_0_Spice,Tribe_1_Spice,Tribe_0_Clustering,Tribe_1_Clustering,Tribe_0_Trades,Tribe_1_Trades,experiment_name,width,height,n_tribes,n_agents,n_heaps,vision_radius,step_count,alpha,trade_percentage,spice_generator,river_generator,location_generator,experiment_id,Tribe_2_Nomads,Tribe_2_Spice,Tribe_2_Clustering,Tribe_2_Trades,Tribe_3_Nomads,Tribe_3_Spice,Tribe_3_Clustering,Tribe_3_Trades,Tribe_4_Nomads,Tribe_4_Spice,Tribe_4_Clustering,Tribe_4_Trades,Tribe_5_Nomads,Tribe_5_Spice,Tribe_5_Clustering,Tribe_5_Trades,Tribe_6_Nomads,Tribe_6_Spice,Tribe_6_Clustering,Tribe_6_Trades,Tribe_7_Nomads,Tribe_7_Spice,Tribe_7_Clustering,Tribe_7_Trades,Tribe_8_Nomads,Tribe_8_Spice,Tribe_8_Clustering,Tribe_8_Trades,Tribe_9_Nomads,Tribe_9_Spice,Tribe_9_Clustering,Tribe_9_Trades
200,0.0,0.0,100,100,300.0,300.0,0.000828294717872882,0.0009451412285420387,0.0,0.0,ofat_analysis_n_tribes_2,100,100,2,100,4,4,200,0.2,0.3,<function gen_spice_map at 0x129f22660>,<function gen_river at 0x129f22700>,<function random_locations at 0x129f227a0>,941999,,,,,,,,,,,,,,,,,,,,,,,,,,,,,,,,
200,0.0,0.0,100,100,300.0,300.0,0.0010781255077833031,0.0013957947418023464,0.0,0.0,ofat_analysis_n_tribes_2,100,100,2,100,4,4,200,0.2,0.3,<function gen_spice_map at 0x129f22660>,<function gen_river at 0x129f22700>,<function random_locations at 0x129f227a0>,786642,,,,,,,,,,,,,,,,,,,,,,,,,,,,,,,,
200,0.0,0.0,100,100,300.0,300.0,0.0017058467427589561,0.0016768011792887426,0.0,0.0,ofat_analysis_n_tribes_2,100,100,2,100,4,4,200,0.2,0.3,<function gen_spice_map at 0x129f22660>,<function gen_river at 0x129f22700>,<function random_locations at 0x129f227a0>,760643,,,,,,,,,,,,,,,,,,,,,,,,,,,,,,,,
200,0.0,0.0,100,100,300.0,300.0,0.0015748520275967934,0.002402465588656873,0.0,0.0,ofat_analysis_n_tribes_2,100,100,2,100,4,4,200,0.2,0.3,<function gen_spice_map at 0x129f22660>,<function gen_river at 0x129f22700>,<function random_locations at 0x129f227a0>,398877,,,,,,,,,,,,,,,,,,,,,,,,,,,,,,,,
200,0.0,0.0,100,100,300.0,300.0,0.0007435494174518106,0.0007332299054373523,0.0,0.0,ofat_analysis_n_tribes_2,100,100,2,100,4,4,200,0.2,0.3,<function gen_spice_map at 0x129f22660>,<function gen_river at 0x129f22700>,<function random_locations at 0x129f227a0>,539323,,,,,,,,,,,,,,,,,,,,,,,,,,,,,,,,
200,0.0,0.0,100,100,300.0,300.0,0.0009116589625064204,0.0003321901353612672,0.0,0.0,ofat_analysis_n_tribes_2,100,100,2,100,4,4,200,0.2,0.3,<function gen_spice_map at 0x129f22660>,<function gen_river at 0x129f22700>,<function random_locations at 0x129f227a0>,388587,,,,,,,,,,,,,,,,,,,,,,,,,,,,,,,,
300,0.0,0.0,100,100,300.0,300.0,0.0006584362139917698,0.0007524328850493727,0.0,0.0,ofat_analysis_n_tribes_3,100,100,3,100,4,4,200,0.2,0.3,<function gen_spice_map at 0x129f22660>,<function gen_river at 0x129f22700>,<function random_locations at 0x129f227a0>,806996,100.0,300.0,0.0007112311921932202,0.0,,,,,,,,,,,,,,,,,,,,,,,,,,,,
300,0.0,0.0,100,100,300.0,300.0,0.0007943552174321408,0.0010460693153000853,0.0,0.0,ofat_analysis_n_tribes_3,100,100,3,100,4,4,200,0.2,0.3,<function gen_spice_map at 0x129f22660>,<function gen_river at 0x129f22700>,<function random_locations at 0x129f227a0>,18486,100.0,300.0,0.0011326982915072252,0.0,,,,,,,,,,,,,,,,,,,,,,,,,,,,
300,0.0,0.0,100,100,300.0,300.0,0.0009695205457224271,0.0011105893736304399,0.0,0.0,ofat_analysis_n_tribes_3,100,100,3,100,4,4,200,0.2,0.3,<function gen_spice_map at 0x129f22660>,<function gen_river at 0x129f22700>,<function random_locations at 0x129f227a0>,783325,100.0,300.0,0.0009208360529473276,0.0,,,,,,,,,,,,,,,,,,,,,,,,,,,,
400,0.0,0.0,100,100,300.0,300.0,0.0017686093817781056,0.0014567337712167133,0.0,0.0,ofat_analysis_n_tribes_4,100,100,4,100,4,4,200,0.2,0.3,<function gen_spice_map at 0x129f22660>,<function gen_river at 0x129f22700>,<function random_locations at 0x129f227a0>,414818,100.0,300.0,0.0016900471732543944,0.0,100.0,300.0,0.0012122728371234948,0.0,,,,,,,,,,,,,,,,,,,,,,,,
400,0.0,0.0,100,100,300.0,300.0,0.001071891451465144,0.0007258332432161228,0.0,0.0,ofat_analysis_n_tribes_4,100,100,4,100,4,4,200,0.2,0.3,<function gen_spice_map at 0x129f22660>,<function gen_river at 0x129f22700>,<function random_locations at 0x129f227a0>,507032,100.0,300.0,0.0014816243700319837,0.0,100.0,300.0,0.0015505762143172373,0.0,,,,,,,,,,,,,,,,,,,,,,,,
400,0.0,0.0,100,100,300.0,300.0,0.0007772040030104542,0.00048088954338954367,0.0,0.0,ofat_analysis_n_tribes_4,100,100,4,100,4,4,200,0.2,0.3,<function gen_spice_map at 0x129f22660>,<function gen_river at 0x129f22700>,<function random_locations at 0x129f227a0>,786263,100.0,300.0,0.0003466167780683911,0.0,100.0,300.0,0.0005596904286420417,0.0,,,,,,,,,,,,,,,,,,,,,,,,
500,0.0,0.0,100,100,300.0,300.0,0.001186620585400569,0.0013888888888888883,0.0,0.0,ofat_analysis_n_tribes_5,100,100,5,100,4,4,200,0.2,0.3,<function gen_spice_map at 0x129f22660>,<function gen_river at 0x129f22700>,<function random_locations at 0x129f227a0>,8162,100.0,300.0,0.0012571608001715527,0.0,100.0,300.0,0.0010170118343195273,0.0,100.0,300.0,0.0008316292926507982,0.0,,,,,,,,,,,,,,,,,,,,
500,0.0,0.0,100,100,300.0,300.0,0.0013149277098164823,0.0014425082635345463,0.0,0.0,ofat_analysis_n_tribes_5,100,100,5,100,4,4,200,0.2,0.3,<function gen_spice_map at 0x129f22660>,<function gen_river at 0x129f22700>,<function random_locations at 0x129f227a0>,57072,100.0,300.0,0.0018904075365781517,0.0,100.0,300.0,0.0011763616450927207,0.0,100.0,300.0,0.0008434602392775921,0.0,,,,,,,,,,,,,,,,,,,,
500,0.0,0.0,100,100,300.0,300.0,0.001057906458797328,0.001291799378946444,0.0,0.0,ofat_analysis_n_tribes_5,100,100,5,100,4,4,200,0.2,0.3,<function gen_spice_map at 0x129f22660>,<function gen_river at 0x129f22700>,<function random_locations at 0x129f227a0>,770185,100.0,300.0,0.0008359031465935702,0.0,100.0,300.0,0.0011996990524542797,0.0,100.0,300.0,0.001480323990921016,0.0,,,,,,,,,,,,,,,,,,,,
600,0.0,0.0,100,100,300.0,300.0,0.0006649939697719325,0.000569247807724414,0.0,0.0,ofat_analysis_n_tribes_6,100,100,6,100,4,4,200,0.2,0.3,<function gen_spice_map at 0x129f22660>,<function gen_river at 0x129f22700>,<function random_locations at 0x129f227a0>,709422,100.0,300.0,0.0008225099693201155,0.0,100.0,300.0,0.0008124444519525229,0.0,100.0,300.0,0.0007047862167063281,0.0,100.0,300.0,0.0007981866719562291,0.0,,,,,,,,,,,,,,,,
600,0.0,0.0,100,100,300.0,300.0,0.0009768306042927796,0.0011411769155131985,0.0,0.0,ofat_analysis_n_tribes_6,100,100,6,100,4,4,200,0.2,0.3,<function gen_spice_map at 0x129f22660>,<function gen_river at 0x129f22700>,<function random_locations at 0x129f227a0>,115555,100.0,300.0,0.0008040686330723445,0.0,100.0,300.0,0.0011411220175136813,0.0,100.0,300.0,0.0009450751614611167,0.0,100.0,300.0,0.0010719505381223905,0.0,,,,,,,,,,,,,,,,
600,0.0,0.0,100,100,300.0,300.0,0.0008624247328075601,0.0008014273426784763,0.0,0.0,ofat_analysis_n_tribes_6,100,100,6,100,4,4,200,0.2,0.3,<function gen_spice_map at 0x129f22660>,<function gen_river at 0x129f22700>,<function random_locations at 0x129f227a0>,271161,100.0,300.0,0.0009091366978946312,0.0,100.0,300.0,0.0009011878524644299,0.0,100.0,300.0,0.0007787618848362279,0.0,100.0,300.0,0.0011731608483867713,0.0,,,,,,,,,,,,,,,,
700,0.0,0.0,100,100,300.0,300.0,0.0007608595935966245,0.0008724629382197625,0.0,0.0,ofat_analysis_n_tribes_7,100,100,7,100,4,4,200,0.2,0.3,<function gen_spice_map at 0x129f22660>,<function gen_river at 0x129f22700>,<function random_locations at 0x129f227a0>,903974,100.0,300.0,0.0008271791813831174,0.0,100.0,300.0,0.0009391771019677999,0.0,100.0,300.0,0.0006708407871198572,0.0,100.0,300.0,0.0009374508321360422,0.0,100.0,300.0,0.0013546470937260931,0.0,,,,,,,,,,,,
700,0.0,0.0,100,100,300.0,300.0,0.001215036675034884,0.0009250693802035156,0.0,0.0,ofat_analysis_n_tribes_7,100,100,7,100,4,4,200,0.2,0.3,<function gen_spice_map at 0x129f22660>,<function gen_river at 0x129f22700>,<function random_locations at 0x129f227a0>,258177,100.0,300.0,0.0007781983566054472,0.0,100.0,300.0,0.0006012950971322851,0.0,100.0,300.0,0.0007863089731729884,0.0,100.0,300.0,0.0009185337025449231,0.0,100.0,300.0,0.0007926342338923286,0.0,,,,,,,,,,,,
700,0.0,0.0,100,100,300.0,300.0,0.0011230524280677813,0.00042996078258732216,0.0,0.0,ofat_analysis_n_tribes_7,100,100,7,100,4,4,200,0.2,0.3,<function gen_spice_map at 0x129f22660>,<function gen_river at 0x129f22700>,<function random_locations at 0x129f227a0>,380113,100.0,300.0,0.0011514347500083952,0.0,100.0,300.0,0.0010012959859428646,0.0,100.0,300.0,0.0007814274776998062,0.0,100.0,300.0,0.0011510396692157845,0.0,100.0,300.0,0.000880282336022423,0.0,,,,,,,,,,,,
800,0.0,0.0,100,100,300.0,300.0,0.0005263217734118967,0.0007655593738067965,0.0,0.0,ofat_analysis_n_tribes_8,100,100,8,100,4,4,200,0.2,0.3,<function gen_spice_map at 0x129f22660>,<function gen_river at 0x129f22700>,<function random_locations at 0x129f227a0>,884618,100.0,300.0,0.0005018015892641767,0.0,100.0,300.0,0.0005846330073134199,0.0,100.0,300.0,0.0007138566516684244,0.0,100.0,300.0,0.001010799113559339,0.0,100.0,300.0,0.0004540734487525311,0.0,100.0,300.0,0.0006557112227215324,0.0,,,,,,,,
800,0.0,0.0,100,100,300.0,300.0,0.0007097810495868752,0.000589459084604716,0.0,0.0,ofat_analysis_n_tribes_8,100,100,8,100,4,4,200,0.2,0.3,<function gen_spice_map at 0x129f22660>,<function gen_river at 0x129f22700>,<function random_locations at 0x129f227a0>,482141,100.0,300.0,0.0006362695487343157,0.0,100.0,300.0,0.0005186195994213535,0.0,100.0,300.0,0.0007035945446139624,0.0,100.0,300.0,0.0006671004987635119,0.0,100.0,300.0,0.0006346443513684356,0.0,100.0,300.0,0.0007798652959943285,0.0,,,,,,,,
800,0.0,0.0,100,100,300.0,300.0,0.000907656489303888,0.0004335260115606938,0.0,0.0,ofat_analysis_n_tribes_8,100,100,8,100,4,4,200,0.2,0.3,<function gen_spice_map at 0x129f22660>,<function gen_river at 0x129f22700>,<function random_locations at 0x129f227a0>,428940,100.0,300.0,0.0009811310004765154,0.0,100.0,300.0,0.0006228026872955088,0.0,100.0,300.0,0.0005780346820809251,0.0,100.0,300.0,0.0007659218513684302,0.0,100.0,300.0,0.0007109641322069071,0.0,100.0,300.0,0.0005419075144508673,0.0,,,,,,,,
900,0.0,0.0,100,100,300.0,300.0,0.0008693744660216592,0.0008926670089992417,0.0,0.0,ofat_analysis_n_tribes_9,100,100,9,100,4,4,200,0.2,0.3,<function gen_spice_map at 0x129f22660>,<function gen_river at 0x129f22700>,<function random_locations at 0x129f227a0>,499442,100.0,300.0,0.0005368647100930568,0.0,100.0,300.0,0.0006809364823080853,0.0,100.0,300.0,0.0006784892357663508,0.0,100.0,300.0,0.0005010737294201864,0.0,100.0,300.0,0.0004294917680744454,0.0,100.0,300.0,0.0006963847261027858,0.0,100.0,300.0,0.0007909046898124876,0.0,,,,
900,0.0,0.0,100,100,300.0,300.0,0.0006185435836208171,0.0006492052831878222,0.0,0.0,ofat_analysis_n_tribes_9,100,100,9,100,4,4,200,0.2,0.3,<function gen_spice_map at 0x129f22660>,<function gen_river at 0x129f22700>,<function random_locations at 0x129f227a0>,244718,100.0,300.0,0.0004597727327855799,0.0,100.0,300.0,0.000895876812274481,0.0,100.0,300.0,0.0004029550033579585,0.0,100.0,300.0,0.0008795128988374073,0.0,100.0,300.0,0.0005055592866204017,0.0,100.0,300.0,0.0007373065563234328,0.0,100.0,300.0,0.00048632069418914914,0.0,,,,
900,0.0,0.0,100,100,300.0,300.0,0.0007268999628931719,0.0008211087158455577,0.0,0.0,ofat_analysis_n_tribes_9,100,100,9,100,4,4,200,0.2,0.3,<function gen_spice_map at 0x129f22660>,<function gen_river at 0x129f22700>,<function random_locations at 0x129f227a0>,397243,100.0,300.0,0.0007331755209514124,0.0,100.0,300.0,0.0007772740370363459,0.0,100.0,300.0,0.0010490923903487563,0.0,100.0,300.0,0.000713609160128685,0.0,100.0,300.0,0.000844254906039803,0.0,100.0,300.0,0.0006521256521256526,0.0,100.0,300.0,0.0008174338395051466,0.0,,,,
1000,0.0,0.0,100,100,300.0,300.0,0.00101810965582799,0.0004700139818236295,0.0,0.0,ofat_analysis_n_tribes_10,100,100,10,100,4,4,200,0.2,0.3,<function gen_spice_map at 0x129f22660>,<function gen_river at 0x129f22700>,<function random_locations at 0x129f227a0>,300818,100.0,300.0,0.0007895398375274541,0.0,100.0,300.0,0.0005422918155116301,0.0,100.0,300.0,0.0008179857638061975,0.0,100.0,300.0,0.000553527209499446,0.0,100.0,300.0,0.0007271903363234635,0.0,100.0,300.0,0.000777610900700884,0.0,100.0,300.0,0.0005159958720330239,0.0,100.0,300.0,0.0007070082397157203,0.0
1000,0.0,0.0,100,100,300.0,300.0,0.0005714908456843943,0.0007289137773008738,0.0,0.0,ofat_analysis_n_tribes_10,100,100,10,100,4,4,200,0.2,0.3,<function gen_spice_map at 0x129f22660>,<function gen_river at 0x129f22700>,<function random_locations at 0x129f227a0>,148226,100.0,300.0,0.00033875811295166146,0.0,100.0,300.0,0.0006605451605451605,0.0,100.0,300.0,0.0004654617396552883,0.0,100.0,300.0,0.0004902649902649905,0.0,100.0,300.0,0.00039281216700571555,0.0,100.0,300.0,0.0004678872420807907,0.0,100.0,300.0,0.0006489951489951489,0.0,100.0,300.0,0.0004006587232393685,0.0
1000,0.0,0.0,100,100,300.0,300.0,0.0004284581104737675,0.0007363850496681524,0.0,0.0,ofat_analysis_n_tribes_10,100,100,10,100,4,4,200,0.2,0.3,<function gen_spice_map at 0x129f22660>,<function gen_river at 0x129f22700>,<function random_locations at 0x129f227a0>,787201,100.0,300.0,0.0005227188050870552,0.0,100.0,300.0,0.0004915781103159115,0.0,100.0,300.0,0.0005940365569513264,0.0,100.0,300.0,0.0007787774730079597,0.0,100.0,300.0,0.000522301742210656,0.0,100.0,300.0,0.0009447819514560335,0.0,100.0,300.0,0.0005400919403899657,0.0,100.0,300.0,0.0010515186559848333,0.0
300,0.0,0.0,100,100,300.0,300.0,0.001590451602196044,0.0016242971340058726,0.0,0.0,ofat_analysis_n_agents_100,100,100,3,100,4,4,200,0.2,0.3,<function gen_spice_map at 0x129f22660>,<function gen_river at 0x129f22700>,<function random_locations at 0x129f227a0>,289299,100.0,300.0,0.0016596133100987476,0.0,,,,,,,,,,,,,,,,,,,,,,,,,,,,
300,0.0,0.0,100,100,300.0,300.0,0.0011183432597296707,0.001085890773605256,0.0,0.0,ofat_analysis_n_agents_100,100,100,3,100,4,4,200,0.2,0.3,<function gen_spice_map at 0x129f22660>,<function gen_river at 0x129f22700>,<function random_locations at 0x129f227a0>,279467,100.0,300.0,0.0017496687709453666,0.0,,,,,,,,,,,,,,,,,,,,,,,,,,,,
300,0.0,0.0,100,100,300.0,300.0,0.0009461537777394662,0.0012520857834233332,0.0,0.0,ofat_analysis_n_agents_100,100,100,3,100,4,4,200,0.2,0.3,<function gen_spice_map at 0x129f22660>,<function gen_river at 0x129f22700>,<function random_locations at 0x129f227a0>,80432,100.0,300.0,0.0013125298885324503,0.0,,,,,,,,,,,,,,,,,,,,,,,,,,,,
600,0.0,0.0,200,200,600.0,600.0,0.002924819625898127,0.002968433909334602,0.0,0.0,ofat_analysis_n_agents_200,100,100,3,200,4,4,200,0.2,0.3,<function gen_spice_map at 0x129f22660>,<function gen_river at 0x129f22700>,<function random_locations at 0x129f227a0>,230736,200.0,600.0,0.0023175881773578964,0.0,,,,,,,,,,,,,,,,,,,,,,,,,,,,
600,0.0,0.0,200,200,600.0,600.0,0.0045917929389828254,0.003853828246911045,0.0,0.0,ofat_analysis_n_agents_200,100,100,3,200,4,4,200,0.2,0.3,<function gen_spice_map at 0x129f22660>,<function gen_river at 0x129f22700>,<function random_locations at 0x129f227a0>,221742,200.0,600.0,0.003938508338712202,0.0,,,,,,,,,,,,,,,,,,,,,,,,,,,,
600,0.0,0.0,200,200,600.0,600.0,0.0029974356820374895,0.0035110693238213377,0.0,0.0,ofat_analysis_n_agents_200,100,100,3,200,4,4,200,0.2,0.3,<function gen_spice_map at 0x129f22660>,<function gen_river at 0x129f22700>,<function random_locations at 0x129f227a0>,445122,200.0,600.0,0.0028201304883512484,0.0,,,,,,,,,,,,,,,,,,,,,,,,,,,,
900,0.0,0.0,300,300,900.0,900.0,0.006858954867343091,0.006027446569131678,0.0,0.0,ofat_analysis_n_agents_300,100,100,3,300,4,4,200,0.2,0.3,<function gen_spice_map at 0x129f22660>,<function gen_river at 0x129f22700>,<function random_locations at 0x129f227a0>,325467,300.0,900.0,0.006259759481883536,0.0,,,,,,,,,,,,,,,,,,,,,,,,,,,,
900,0.0,0.0,300,300,900.0,900.0,0.006385134799649857,0.006621545489960154,0.0,0.0,ofat_analysis_n_agents_300,100,100,3,300,4,4,200,0.2,0.3,<function gen_spice_map at 0x129f22660>,<function gen_river at 0x129f22700>,<function random_locations at 0x129f227a0>,518192,300.0,900.0,0.005921065739461524,0.0,,,,,,,,,,,,,,,,,,,,,,,,,,,,
900,0.0,0.0,300,300,900.0,900.0,0.004382672255179716,0.0046109457754513646,0.0,0.0,ofat_analysis_n_agents_300,100,100,3,300,4,4,200,0.2,0.3,<function gen_spice_map at 0x129f22660>,<function gen_river at 0x129f22700>,<function random_locations at 0x129f227a0>,404293,300.0,900.0,0.0040511309904641135,0.0,,,,,,,,,,,,,,,,,,,,,,,,,,,,
1200,0.0,0.0,400,400,1200.0,1200.0,0.00898943818003875,0.008805456033620832,0.0,0.0,ofat_analysis_n_agents_400,100,100,3,400,4,4,200,0.2,0.3,<function gen_spice_map at 0x129f22660>,<function gen_river at 0x129f22700>,<function random_locations at 0x129f227a0>,629380,400.0,1200.0,0.00818439236909723,0.0,,,,,,,,,,,,,,,,,,,,,,,,,,,,
1200,0.0,0.0,400,400,1200.0,1200.0,0.009818957309242373,0.01001214751319223,0.0,0.0,ofat_analysis_n_agents_400,100,100,3,400,4,4,200,0.2,0.3,<function gen_spice_map at 0x129f22660>,<function gen_river at 0x129f22700>,<function random_locations at 0x129f227a0>,605116,400.0,1200.0,0.01095419393409538,0.0,,,,,,,,,,,,,,,,,,,,,,,,,,,,
1200,0.0,0.0,400,400,1200.0,1200.0,0.009238392713648253,0.008876112793163561,0.0,0.0,ofat_analysis_n_agents_400,100,100,3,400,4,4,200,0.2,0.3,<function gen_spice_map at 0x129f22660>,<function gen_river at 0x129f22700>,<function random_locations at 0x129f227a0>,620466,400.0,1200.0,0.010176708434823115,0.0,,,,,,,,,,,,,,,,,,,,,,,,,,,,
1500,0.0,0.0,500,500,1500.0,1500.0,0.011563588163702045,0.011578161803414989,0.0,0.0,ofat_analysis_n_agents_500,100,100,3,500,4,4,200,0.2,0.3,<function gen_spice_map at 0x129f22660>,<function gen_river at 0x129f22700>,<function random_locations at 0x129f227a0>,217092,500.0,1500.0,0.011671997225660662,0.0,,,,,,,,,,,,,,,,,,,,,,,,,,,,
1500,0.0,0.0,500,500,1500.0,1500.0,0.01408897474351542,0.013982749152198666,0.0,0.0,ofat_analysis_n_agents_500,100,100,3,500,4,4,200,0.2,0.3,<function gen_spice_map at 0x129f22660>,<function gen_river at 0x129f22700>,<function random_locations at 0x129f227a0>,963744,500.0,1500.0,0.014441545407260689,0.0,,,,,,,,,,,,,,,,,,,,,,,,,,,,
1500,0.0,0.0,500,500,1500.0,1500.0,0.013727951907650516,0.013108726120264787,0.0,0.0,ofat_analysis_n_agents_500,100,100,3,500,4,4,200,0.2,0.3,<function gen_spice_map at 0x129f22660>,<function gen_river at 0x129f22700>,<function random_locations at 0x129f227a0>,732448,500.0,1500.0,0.012126640743539328,0.0,,,,,,,,,,,,,,,,,,,,,,,,,,,,
1800,0.0,0.0,600,600,1800.0,1800.0,0.014976193400977488,0.014818619208631801,0.0,0.0,ofat_analysis_n_agents_600,100,100,3,600,4,4,200,0.2,0.3,<function gen_spice_map at 0x129f22660>,<function gen_river at 0x129f22700>,<function random_locations at 0x129f227a0>,556056,600.0,1800.0,0.014315742492363065,0.0,,,,,,,,,,,,,,,,,,,,,,,,,,,,
1800,0.0,0.0,600,600,1800.0,1800.0,0.015133981178944678,0.015503529880474038,0.0,0.0,ofat_analysis_n_agents_600,100,100,3,600,4,4,200,0.2,0.3,<function gen_spice_map at 0x129f22660>,<function gen_river at 0x129f22700>,<function random_locations at 0x129f227a0>,139583,600.0,1800.0,0.014958370013020092,0.0,,,,,,,,,,,,,,,,,,,,,,,,,,,,
1800,0.0,0.0,600,600,1800.0,1800.0,0.016265338885087226,0.016636603989053568,0.0,0.0,ofat_analysis_n_agents_600,100,100,3,600,4,4,200,0.2,0.3,<function gen_spice_map at 0x129f22660>,<function gen_river at 0x129f22700>,<function random_locations at 0x129f227a0>,943539,600.0,1800.0,0.01564220954505997,0.0,,,,,,,,,,,,,,,,,,,,,,,,,,,,
2100,0.0,0.0,700,700,2100.0,2100.0,0.017014101807510684,0.016418343178206826,0.0,0.0,ofat_analysis_n_agents_700,100,100,3,700,4,4,200,0.2,0.3,<function gen_spice_map at 0x129f22660>,<function gen_river at 0x129f22700>,<function random_locations at 0x129f227a0>,541860,700.0,2100.0,0.016573782117371576,0.0,,,,,,,,,,,,,,,,,,,,,,,,,,,,
2100,0.0,0.0,700,700,2100.0,2100.0,0.018234462581652372,0.01856903619116771,0.0,0.0,ofat_analysis_n_agents_700,100,100,3,700,4,4,200,0.2,0.3,<function gen_spice_map at 0x129f22660>,<function gen_river at 0x129f22700>,<function random_locations at 0x129f227a0>,59416,700.0,2100.0,0.01857979669424139,0.0,,,,,,,,,,,,,,,,,,,,,,,,,,,,
2100,0.0,0.0,700,700,2100.0,2100.0,0.019269806952924805,0.018411403554212766,0.0,0.0,ofat_analysis_n_agents_700,100,100,3,700,4,4,200,0.2,0.3,<function gen_spice_map at 0x129f22660>,<function gen_river at 0x129f22700>,<function random_locations at 0x129f227a0>,869182,700.0,2100.0,0.01871720610167204,0.0,,,,,,,,,,,,,,,,,,,,,,,,,,,,
2400,0.0,0.0,800,800,2400.0,2400.0,0.022214141821307667,0.02270271562402935,0.0,0.0,ofat_analysis_n_agents_800,100,100,3,800,4,4,200,0.2,0.3,<function gen_spice_map at 0x129f22660>,<function gen_river at 0x129f22700>,<function random_locations at 0x129f227a0>,951973,800.0,2400.0,0.021917066119056847,0.0,,,,,,,,,,,,,,,,,,,,,,,,,,,,
2400,0.0,0.0,800,800,2400.0,2400.0,0.020823311157530784,0.021632845857961176,0.0,0.0,ofat_analysis_n_agents_800,100,100,3,800,4,4,200,0.2,0.3,<function gen_spice_map at 0x129f22660>,<function gen_river at 0x129f22700>,<function random_locations at 0x129f227a0>,512851,800.0,2400.0,0.02196452775129818,0.0,,,,,,,,,,,,,,,,,,,,,,,,,,,,
2400,0.0,0.0,800,800,2400.0,2400.0,0.024278893346596074,0.02301376312070351,0.0,0.0,ofat_analysis_n_agents_800,100,100,3,800,4,4,200,0.2,0.3,<function gen_spice_map at 0x129f22660>,<function gen_river at 0x129f22700>,<function random_locations at 0x129f227a0>,634939,800.0,2400.0,0.023054534068762803,0.0,,,,,,,,,,,,,,,,,,,,,,,,,,,,
2700,0.0,0.0,900,900,2700.0,2700.0,0.021395106573075428,0.021102990820593717,0.0,0.0,ofat_analysis_n_agents_900,100,100,3,900,4,4,200,0.2,0.3,<function gen_spice_map at 0x129f22660>,<function gen_river at 0x129f22700>,<function random_locations at 0x129f227a0>,489971,900.0,2700.0,0.02120358675430272,0.0,,,,,,,,,,,,,,,,,,,,,,,,,,,,
2700,0.0,0.0,900,900,2700.0,2700.0,0.02289615795459228,0.022739509530635797,0.0,0.0,ofat_analysis_n_agents_900,100,100,3,900,4,4,200,0.2,0.3,<function gen_spice_map at 0x129f22660>,<function gen_river at 0x129f22700>,<function random_locations at 0x129f227a0>,165226,900.0,2700.0,0.023351015882791277,0.0,,,,,,,,,,,,,,,,,,,,,,,,,,,,
2700,0.0,0.0,900,900,2700.0,2700.0,0.021941340583651298,0.02073258844749817,0.0,0.0,ofat_analysis_n_agents_900,100,100,3,900,4,4,200,0.2,0.3,<function gen_spice_map at 0x129f22660>,<function gen_river at 0x129f22700>,<function random_locations at 0x129f227a0>,810914,900.0,2700.0,0.021169362926575067,0.0,,,,,,,,,,,,,,,,,,,,,,,,,,,,
3000,0.0,0.0,1000,1000,3000.0,3000.0,0.027571479981143173,0.026900503238109188,0.0,0.0,ofat_analysis_n_agents_1000,100,100,3,1000,4,4,200,0.2,0.3,<function gen_spice_map at 0x129f22660>,<function gen_river at 0x129f22700>,<function random_locations at 0x129f227a0>,726102,1000.0,3000.0,0.02687027968104075,0.0,,,,,,,,,,,,,,,,,,,,,,,,,,,,
3000,0.0,0.0,1000,1000,3000.0,3000.0,0.027333781824363714,0.029041078411500856,0.0,0.0,ofat_analysis_n_agents_1000,100,100,3,1000,4,4,200,0.2,0.3,<function gen_spice_map at 0x129f22660>,<function gen_river at 0x129f22700>,<function random_locations at 0x129f227a0>,633868,1000.0,3000.0,0.02737903396422403,0.0,,,,,,,,,,,,,,,,,,,,,,,,,,,,
3000,0.0,0.0,1000,1000,3000.0,3000.0,0.028624663339736595,0.028116745656042486,0.0,0.0,ofat_analysis_n_agents_1000,100,100,3,1000,4,4,200,0.2,0.3,<function gen_spice_map at 0x129f22660>,<function gen_river at 0x129f22700>,<function random_locations at 0x129f227a0>,256669,1000.0,3000.0,0.028546191881685237,0.0,,,,,,,,,,,,,,,,,,,,,,,,,,,,
300,0.0,0.0,100,100,300.0,300.0,0.0010517124157429396,0.0007689244248384038,0.0,0.0,ofat_analysis_n_heaps_2,100,100,3,100,2,4,200,0.2,0.3,<function gen_spice_map at 0x129f22660>,<function gen_river at 0x129f22700>,<function random_locations at 0x129f227a0>,531551,100.0,300.0,0.0013001522878972622,0.0,,,,,,,,,,,,,,,,,,,,,,,,,,,,
300,0.0,0.0,100,100,300.0,300.0,0.0021911788421222376,0.0010377922048646336,0.0,0.0,ofat_analysis_n_heaps_2,100,100,3,100,2,4,200,0.2,0.3,<function gen_spice_map at 0x129f22660>,<function gen_river at 0x129f22700>,<function random_locations at 0x129f227a0>,683643,100.0,300.0,0.0015719477260864973,0.0,,,,,,,,,,,,,,,,,,,,,,,,,,,,
300,0.0,0.0,100,100,300.0,300.0,0.00179321318946199,0.0015892554237845473,0.0,0.0,ofat_analysis_n_heaps_2,100,100,3,100,2,4,200,0.2,0.3,<function gen_spice_map at 0x129f22660>,<function gen_river at 0x129f22700>,<function random_locations at 0x129f227a0>,582449,100.0,300.0,0.001327318896947732,0.0,,,,,,,,,,,,,,,,,,,,,,,,,,,,
300,0.0,0.0,100,100,300.0,300.0,0.0008933039112472815,0.00099153626611554,0.0,0.0,ofat_analysis_n_heaps_2,100,100,3,100,2,4,200,0.2,0.3,<function gen_spice_map at 0x129f22660>,<function gen_river at 0x129f22700>,<function random_locations at 0x129f227a0>,621374,100.0,300.0,0.0007740697353257716,0.0,,,,,,,,,,,,,,,,,,,,,,,,,,,,
300,0.0,0.0,100,100,300.0,300.0,0.002004008016032065,0.0023183118373499138,0.0,0.0,ofat_analysis_n_heaps_2,100,100,3,100,2,4,200,0.2,0.3,<function gen_spice_map at 0x129f22660>,<function gen_river at 0x129f22700>,<function random_locations at 0x129f227a0>,542227,100.0,300.0,0.0021166264152236098,0.0,,,,,,,,,,,,,,,,,,,,,,,,,,,,
300,0.0,0.0,100,100,300.0,300.0,0.0016143121210071916,0.001418118045476537,0.0,0.0,ofat_analysis_n_heaps_2,100,100,3,100,2,4,200,0.2,0.3,<function gen_spice_map at 0x129f22660>,<function gen_river at 0x129f22700>,<function random_locations at 0x129f227a0>,3087,100.0,300.0,0.0009810137282748365,0.0,,,,,,,,,,,,,,,,,,,,,,,,,,,,
300,0.0,0.0,100,100,300.0,300.0,0.0010430400515660256,0.0010881246389288933,0.0,0.0,ofat_analysis_n_heaps_3,100,100,3,100,3,4,200,0.2,0.3,<function gen_spice_map at 0x129f22660>,<function gen_river at 0x129f22700>,<function random_locations at 0x129f227a0>,831312,100.0,300.0,0.0015309227118139835,0.0,,,,,,,,,,,,,,,,,,,,,,,,,,,,
300,0.0,0.0,100,100,300.0,300.0,0.0008475589703728068,0.0013896352307067115,0.0,0.0,ofat_analysis_n_heaps_3,100,100,3,100,3,4,200,0.2,0.3,<function gen_spice_map at 0x129f22660>,<function gen_river at 0x129f22700>,<function random_locations at 0x129f227a0>,121223,100.0,300.0,0.0009711301782813641,0.0,,,,,,,,,,,,,,,,,,,,,,,,,,,,
300,0.0,0.0,100,100,300.0,300.0,0.0014639639639639644,0.0029702624460688962,0.0,0.0,ofat_analysis_n_heaps_3,100,100,3,100,3,4,200,0.2,0.3,<function gen_spice_map at 0x129f22660>,<function gen_river at 0x129f22700>,<function random_locations at 0x129f227a0>,717981,100.0,300.0,0.002027027027027028,0.0,,,,,,,,,,,,,,,,,,,,,,,,,,,,
300,0.0,0.0,100,100,300.0,300.0,0.0014487018539744926,0.0016732468509118264,0.0,0.0,ofat_analysis_n_heaps_4,100,100,3,100,4,4,200,0.2,0.3,<function gen_spice_map at 0x129f22660>,<function gen_river at 0x129f22700>,<function random_locations at 0x129f227a0>,386263,100.0,300.0,0.001355783867655491,0.0,,,,,,,,,,,,,,,,,,,,,,,,,,,,
300,0.0,0.0,100,100,300.0,300.0,0.0009237206115305586,0.0015410894620265052,0.0,0.0,ofat_analysis_n_heaps_4,100,100,3,100,4,4,200,0.2,0.3,<function gen_spice_map at 0x129f22660>,<function gen_river at 0x129f22700>,<function random_locations at 0x129f227a0>,455452,100.0,300.0,0.0014747555849430887,0.0,,,,,,,,,,,,,,,,,,,,,,,,,,,,
300,0.0,0.0,100,100,300.0,300.0,0.000803226723189925,0.0005985658009577056,0.0,0.0,ofat_analysis_n_heaps_4,100,100,3,100,4,4,200,0.2,0.3,<function gen_spice_map at 0x129f22660>,<function gen_river at 0x129f22700>,<function random_locations at 0x129f227a0>,635227,100.0,300.0,0.0009323409804164772,0.0,,,,,,,,,,,,,,,,,,,,,,,,,,,,
300,0.0,0.0,100,100,300.0,300.0,0.00037664783427495297,0.00094905752368847,0.0,0.0,ofat_analysis_n_heaps_5,100,100,3,100,5,4,200,0.2,0.3,<function gen_spice_map at 0x129f22660>,<function gen_river at 0x129f22700>,<function random_locations at 0x129f227a0>,830463,100.0,300.0,0.0009422231879859002,0.0,,,,,,,,,,,,,,,,,,,,,,,,,,,,
300,0.0,0.0,100,100,300.0,300.0,0.0011366376966335876,0.0011420889682652578,0.0,0.0,ofat_analysis_n_heaps_5,100,100,3,100,5,4,200,0.2,0.3,<function gen_spice_map at 0x129f22660>,<function gen_river at 0x129f22700>,<function random_locations at 0x129f227a0>,361733,100.0,300.0,0.0016991942947356942,0.0,,,,,,,,,,,,,,,,,,,,,,,,,,,,
300,0.0,0.0,100,100,300.0,300.0,0.0014708233413269394,0.001874500399680255,0.0,0.0,ofat_analysis_n_heaps_5,100,100,3,100,5,4,200,0.2,0.3,<function gen_spice_map at 0x129f22660>,<function gen_river at 0x129f22700>,<function random_locations at 0x129f227a0>,684468,100.0,300.0,0.001630695443645084,0.0,,,,,,,,,,,,,,,,,,,,,,,,,,,,
300,0.0,0.0,100,100,300.0,300.0,0.0007648579500816757,0.0013098446241006072,0.0,0.0,ofat_analysis_n_heaps_6,100,100,3,100,6,4,200,0.2,0.3,<function gen_spice_map at 0x129f22660>,<function gen_river at 0x129f22700>,<function random_locations at 0x129f227a0>,622734,100.0,300.0,0.0010281683668780447,0.0,,,,,,,,,,,,,,,,,,,,,,,,,,,,
300,0.0,0.0,100,100,300.0,300.0,0.0006826413598429653,0.001015819689412871,0.0,0.0,ofat_analysis_n_heaps_6,100,100,3,100,6,4,200,0.2,0.3,<function gen_spice_map at 0x129f22660>,<function gen_river at 0x129f22700>,<function random_locations at 0x129f227a0>,363319,100.0,300.0,0.0007864912226127896,0.0,,,,,,,,,,,,,,,,,,,,,,,,,,,,
300,0.0,0.0,100,100,300.0,300.0,0.0014900869739579408,0.0012270300843950281,0.0,0.0,ofat_analysis_n_heaps_6,100,100,3,100,6,4,200,0.2,0.3,<function gen_spice_map at 0x129f22660>,<function gen_river at 0x129f22700>,<function random_locations at 0x129f227a0>,659328,100.0,300.0,0.0011378848728246323,0.0,,,,,,,,,,,,,,,,,,,,,,,,,,,,
300,0.0,0.0,100,100,300.0,300.0,0.0006811153109812972,0.0006489300887884583,0.0,0.0,ofat_analysis_n_heaps_7,100,100,3,100,7,4,200,0.2,0.3,<function gen_spice_map at 0x129f22660>,<function gen_river at 0x129f22700>,<function random_locations at 0x129f227a0>,934365,100.0,300.0,0.0005765276346003853,0.0,,,,,,,,,,,,,,,,,,,,,,,,,,,,
300,0.0,0.0,100,100,300.0,300.0,0.0010267541694495268,0.0010073795345778693,0.0,0.0,ofat_analysis_n_heaps_7,100,100,3,100,7,4,200,0.2,0.3,<function gen_spice_map at 0x129f22660>,<function gen_river at 0x129f22700>,<function random_locations at 0x129f227a0>,443567,100.0,300.0,0.0010750176657870535,0.0,,,,,,,,,,,,,,,,,,,,,,,,,,,,
300,0.0,0.0,100,100,300.0,300.0,0.0008617334263828532,0.0007580573696276179,0.0,0.0,ofat_analysis_n_heaps_7,100,100,3,100,7,4,200,0.2,0.3,<function gen_spice_map at 0x129f22660>,<function gen_river at 0x129f22700>,<function random_locations at 0x129f227a0>,175121,100.0,300.0,0.0007627845529042894,0.0,,,,,,,,,,,,,,,,,,,,,,,,,,,,
300,0.0,0.0,100,100,300.0,300.0,0.0008995677810883475,0.0011143436955623797,0.0,0.0,ofat_analysis_n_heaps_8,100,100,3,100,8,4,200,0.2,0.3,<function gen_spice_map at 0x129f22660>,<function gen_river at 0x129f22700>,<function random_locations at 0x129f227a0>,982593,100.0,300.0,0.0012107600165220977,0.0,,,,,,,,,,,,,,,,,,,,,,,,,,,,
300,0.0,0.0,100,100,300.0,300.0,0.0006242051660438068,0.0005641904601991302,0.0,0.0,ofat_analysis_n_heaps_8,100,100,3,100,8,4,200,0.2,0.3,<function gen_spice_map at 0x129f22660>,<function gen_river at 0x129f22700>,<function random_locations at 0x129f227a0>,461167,100.0,300.0,0.0008220157255182273,0.0,,,,,,,,,,,,,,,,,,,,,,,,,,,,
300,0.0,0.0,100,100,300.0,300.0,0.0008296128218835061,0.0007907842319073492,0.0,0.0,ofat_analysis_n_heaps_8,100,100,3,100,8,4,200,0.2,0.3,<function gen_spice_map at 0x129f22660>,<function gen_river at 0x129f22700>,<function random_locations at 0x129f227a0>,111553,100.0,300.0,0.0005704971475142626,0.0,,,,,,,,,,,,,,,,,,,,,,,,,,,,
300,0.0,0.0,100,100,300.0,300.0,0.0014234904880066164,0.0012111042183622826,0.0,0.0,ofat_analysis_n_heaps_9,100,100,3,100,9,4,200,0.2,0.3,<function gen_spice_map at 0x129f22660>,<function gen_river at 0x129f22700>,<function random_locations at 0x129f227a0>,62203,100.0,300.0,0.0010756410256410258,0.0,,,,,,,,,,,,,,,,,,,,,,,,,,,,
300,0.0,0.0,100,100,300.0,300.0,0.000690199386435946,0.0009749355582688911,0.0,0.0,ofat_analysis_n_heaps_9,100,100,3,100,9,4,200,0.2,0.3,<function gen_spice_map at 0x129f22660>,<function gen_river at 0x129f22700>,<function random_locations at 0x129f227a0>,998974,100.0,300.0,0.0006554238274668386,0.0,,,,,,,,,,,,,,,,,,,,,,,,,,,,
300,0.0,0.0,100,100,300.0,300.0,0.0010247287203788403,0.0009961031244033176,0.0,0.0,ofat_analysis_n_heaps_9,100,100,3,100,9,4,200,0.2,0.3,<function gen_spice_map at 0x129f22660>,<function gen_river at 0x129f22700>,<function random_locations at 0x129f227a0>,339275,100.0,300.0,0.000851547144585448,0.0,,,,,,,,,,,,,,,,,,,,,,,,,,,,
300,0.0,0.0,100,100,300.0,300.0,0.000768164113574742,0.000697099984150008,0.0,0.0,ofat_analysis_n_heaps_10,100,100,3,100,10,4,200,0.2,0.3,<function gen_spice_map at 0x129f22660>,<function gen_river at 0x129f22700>,<function random_locations at 0x129f227a0>,206624,100.0,300.0,0.001053574972462303,0.0,,,,,,,,,,,,,,,,,,,,,,,,,,,,
300,0.0,0.0,100,100,300.0,300.0,0.0007803991577796478,0.00101038766229483,0.0,0.0,ofat_analysis_n_heaps_10,100,100,3,100,10,4,200,0.2,0.3,<function gen_spice_map at 0x129f22660>,<function gen_river at 0x129f22700>,<function random_locations at 0x129f227a0>,607500,100.0,300.0,0.0011312531230914435,0.0,,,,,,,,,,,,,,,,,,,,,,,,,,,,
300,0.0,0.0,100,100,300.0,300.0,0.00044453078777496196,0.0006390387632495316,0.0,0.0,ofat_analysis_n_heaps_10,100,100,3,100,10,4,200,0.2,0.3,<function gen_spice_map at 0x129f22660>,<function gen_river at 0x129f22700>,<function random_locations at 0x129f227a0>,425201,100.0,300.0,0.0005703075098092894,0.0,,,,,,,,,,,,,,,,,,,,,,,,,,,,
300,0.0,0.0,100,100,300.0,300.0,0.000573833205814843,0.0008671257332313185,0.0,0.0,ofat_analysis_vision_radius_3,100,100,3,100,4,3,200,0.2,0.3,<function gen_spice_map at 0x129f22660>,<function gen_river at 0x129f22700>,<function random_locations at 0x129f227a0>,730216,100.0,300.0,0.0007678830821773501,0.0,,,,,,,,,,,,,,,,,,,,,,,,,,,,
300,0.0,0.0,100,100,300.0,300.0,0.0012348712611779215,0.002021662041319766,0.0,0.0,ofat_analysis_vision_radius_3,100,100,3,100,4,3,200,0.2,0.3,<function gen_spice_map at 0x129f22660>,<function gen_river at 0x129f22700>,<function random_locations at 0x129f227a0>,984773,100.0,300.0,0.001777867715078631,0.0,,,,,,,,,,,,,,,,,,,,,,,,,,,,
300,0.0,0.0,100,100,300.0,300.0,0.0010933951441080751,0.0006731287022078622,0.0,0.0,ofat_analysis_vision_radius_3,100,100,3,100,4,3,200,0.2,0.3,<function gen_spice_map at 0x129f22660>,<function gen_river at 0x129f22700>,<function random_locations at 0x129f227a0>,950820,100.0,300.0,0.0014270328486806678,0.0,,,,,,,,,,,,,,,,,,,,,,,,,,,,
300,0.0,0.0,100,100,300.0,300.0,0.001270322756672605,0.0008417994767843098,0.0,0.0,ofat_analysis_vision_radius_3,100,100,3,100,4,3,200,0.2,0.3,<function gen_spice_map at 0x129f22660>,<function gen_river at 0x129f22700>,<function random_locations at 0x129f227a0>,634317,100.0,300.0,0.00046343107516009434,0.0,,,,,,,,,,,,,,,,,,,,,,,,,,,,
300,0.0,0.0,100,100,300.0,300.0,0.0006493506493506494,0.001298701298701298,0.0,0.0,ofat_analysis_vision_radius_3,100,100,3,100,4,3,200,0.2,0.3,<function gen_spice_map at 0x129f22660>,<function gen_river at 0x129f22700>,<function random_locations at 0x129f227a0>,134444,100.0,300.0,0.000909090909090909,0.0,,,,,,,,,,,,,,,,,,,,,,,,,,,,
300,0.0,0.0,100,100,300.0,300.0,0.0021407465476693008,0.0018633540372670811,0.0,0.0,ofat_analysis_vision_radius_3,100,100,3,100,4,3,200,0.2,0.3,<function gen_spice_map at 0x129f22660>,<function gen_river at 0x129f22700>,<function random_locations at 0x129f227a0>,664310,100.0,300.0,0.0012764075659812252,0.0,,,,,,,,,,,,,,,,,,,,,,,,,,,,
300,0.0,0.0,100,100,300.0,300.0,0.0024755325273459997,0.002792170408750721,0.0,0.0,ofat_analysis_vision_radius_3,100,100,3,100,4,3,200,0.2,0.3,<function gen_spice_map at 0x129f22660>,<function gen_river at 0x129f22700>,<function random_locations at 0x129f227a0>,175856,100.0,300.0,0.001678931691321869,0.0,,,,,,,,,,,,,,,,,,,,,,,,,,,,
300,0.0,0.0,100,100,300.0,300.0,0.0015440829797265436,0.001202263083451202,0.0,0.0,ofat_analysis_vision_radius_3,100,100,3,100,4,3,200,0.2,0.3,<function gen_spice_map at 0x129f22660>,<function gen_river at 0x129f22700>,<function random_locations at 0x129f227a0>,979160,100.0,300.0,0.0021318902076543065,0.0,,,,,,,,,,,,,,,,,,,,,,,,,,,,
300,0.0,0.0,100,100,300.0,300.0,0.0004470672389127325,0.0008047210300429182,0.0,0.0,ofat_analysis_vision_radius_3,100,100,3,100,4,3,200,0.2,0.3,<function gen_spice_map at 0x129f22660>,<function gen_river at 0x129f22700>,<function random_locations at 0x129f227a0>,576204,100.0,300.0,0.0012517882689556507,0.0,,,,,,,,,,,,,,,,,,,,,,,,,,,,
300,0.0,0.0,100,100,300.0,300.0,0.000913838120104439,0.0015611818999758018,0.0,0.0,ofat_analysis_vision_radius_4,100,100,3,100,4,4,200,0.2,0.3,<function gen_spice_map at 0x129f22660>,<function gen_river at 0x129f22700>,<function random_locations at 0x129f227a0>,640355,100.0,300.0,0.001025687817147432,0.0,,,,,,,,,,,,,,,,,,,,,,,,,,,,
300,0.0,0.0,100,100,300.0,300.0,0.0007228057290626815,0.0009081196581196584,0.0,0.0,ofat_analysis_vision_radius_4,100,100,3,100,4,4,200,0.2,0.3,<function gen_spice_map at 0x129f22660>,<function gen_river at 0x129f22700>,<function random_locations at 0x129f227a0>,915027,100.0,300.0,0.0011713216489356638,0.0,,,,,,,,,,,,,,,,,,,,,,,,,,,,
300,0.0,0.0,100,100,300.0,300.0,0.0011469857257565652,0.0009860284473089055,0.0,0.0,ofat_analysis_vision_radius_4,100,100,3,100,4,4,200,0.2,0.3,<function gen_spice_map at 0x129f22660>,<function gen_river at 0x129f22700>,<function random_locations at 0x129f227a0>,41770,100.0,300.0,0.000820286294292411,0.0,,,,,,,,,,,,,,,,,,,,,,,,,,,,
300,0.0,0.0,100,100,300.0,300.0,0.00067639578844425,0.001292882744495648,0.0,0.0,ofat_analysis_vision_radius_4,100,100,3,100,4,4,200,0.2,0.3,<function gen_spice_map at 0x129f22660>,<function gen_river at 0x129f22700>,<function random_locations at 0x129f227a0>,652991,100.0,300.0,0.0013494858708178168,0.0,,,,,,,,,,,,,,,,,,,,,,,,,,,,
300,0.0,0.0,100,100,300.0,300.0,0.0007523965807800225,0.0008484199268262142,0.0,0.0,ofat_analysis_vision_radius_4,100,100,3,100,4,4,200,0.2,0.3,<function gen_spice_map at 0x129f22660>,<function gen_river at 0x129f22700>,<function random_locations at 0x129f227a0>,126807,100.0,300.0,0.001147060148248122,0.0,,,,,,,,,,,,,,,,,,,,,,,,,,,,
300,0.0,0.0,100,100,300.0,300.0,0.001661433804290946,0.001499557639432944,0.0,0.0,ofat_analysis_vision_radius_4,100,100,3,100,4,4,200,0.2,0.3,<function gen_spice_map at 0x129f22660>,<function gen_river at 0x129f22700>,<function random_locations at 0x129f227a0>,645241,100.0,300.0,0.0015557256815050247,0.0,,,,,,,,,,,,,,,,,,,,,,,,,,,,
300,0.0,0.0,100,100,300.0,300.0,0.0010250082342163698,0.0011231796693593132,0.0,0.0,ofat_analysis_vision_radius_5,100,100,3,100,4,5,200,0.2,0.3,<function gen_spice_map at 0x129f22660>,<function gen_river at 0x129f22700>,<function random_locations at 0x129f227a0>,123267,100.0,300.0,0.001022718978008953,0.0,,,,,,,,,,,,,,,,,,,,,,,,,,,,
300,0.0,0.0,100,100,300.0,300.0,0.0018169412287059343,0.001050561961578912,0.0,0.0,ofat_analysis_vision_radius_5,100,100,3,100,4,5,200,0.2,0.3,<function gen_spice_map at 0x129f22660>,<function gen_river at 0x129f22700>,<function random_locations at 0x129f227a0>,19809,100.0,300.0,0.0012050897756281619,0.0,,,,,,,,,,,,,,,,,,,,,,,,,,,,
300,0.0,0.0,100,100,300.0,300.0,0.0010010556509099829,0.001171537017892251,0.0,0.0,ofat_analysis_vision_radius_5,100,100,3,100,4,5,200,0.2,0.3,<function gen_spice_map at 0x129f22660>,<function gen_river at 0x129f22700>,<function random_locations at 0x129f227a0>,115890,100.0,300.0,0.001788741302779162,0.0,,,,,,,,,,,,,,,,,,,,,,,,,,,,
300,0.0,0.0,100,100,300.0,300.0,0.0009190040691526301,0.000598743665586431,0.0,0.0,ofat_analysis_vision_radius_5,100,100,3,100,4,5,200,0.2,0.3,<function gen_spice_map at 0x129f22660>,<function gen_river at 0x129f22700>,<function random_locations at 0x129f227a0>,170095,100.0,300.0,0.0008000222363982368,0.0,,,,,,,,,,,,,,,,,,,,,,,,,,,,
300,0.0,0.0,100,100,300.0,300.0,0.001446591342578201,0.0011946930189790045,0.0,0.0,ofat_analysis_vision_radius_5,100,100,3,100,4,5,200,0.2,0.3,<function gen_spice_map at 0x129f22660>,<function gen_river at 0x129f22700>,<function random_locations at 0x129f227a0>,804624,100.0,300.0,0.001000962813595656,0.0,,,,,,,,,,,,,,,,,,,,,,,,,,,,
300,0.0,0.0,100,100,300.0,300.0,0.0013182695985883347,0.0007588614241947199,0.0,0.0,ofat_analysis_vision_radius_5,100,100,3,100,4,5,200,0.2,0.3,<function gen_spice_map at 0x129f22660>,<function gen_river at 0x129f22700>,<function random_locations at 0x129f227a0>,987765,100.0,300.0,0.001214320380582608,0.0,,,,,,,,,,,,,,,,,,,,,,,,,,,,
300,0.0,0.0,100,100,300.0,300.0,0.0013422309360982849,0.001871301949027077,0.0,0.0,ofat_analysis_vision_radius_6,100,100,3,100,4,6,200,0.2,0.3,<function gen_spice_map at 0x129f22660>,<function gen_river at 0x129f22700>,<function random_locations at 0x129f227a0>,448443,100.0,300.0,0.0014088527343966487,0.0,,,,,,,,,,,,,,,,,,,,,,,,,,,,
300,0.0,0.0,100,100,300.0,300.0,0.0007409965500161228,0.0011452571212405894,0.0,0.0,ofat_analysis_vision_radius_6,100,100,3,100,4,6,200,0.2,0.3,<function gen_spice_map at 0x129f22660>,<function gen_river at 0x129f22700>,<function random_locations at 0x129f227a0>,226649,100.0,300.0,0.001054454270699814,0.0,,,,,,,,,,,,,,,,,,,,,,,,,,,,
300,0.0,0.0,100,100,300.0,300.0,0.0012663632604788943,0.000869143353875023,0.0,0.0,ofat_analysis_vision_radius_6,100,100,3,100,4,6,200,0.2,0.3,<function gen_spice_map at 0x129f22660>,<function gen_river at 0x129f22700>,<function random_locations at 0x129f227a0>,662446,100.0,300.0,0.0016970603834754207,0.0,,,,,,,,,,,,,,,,,,,,,,,,,,,,
300,0.0,0.0,100,100,300.0,300.0,0.0013577278076938295,0.0012458421210855978,0.0,0.0,ofat_analysis_vision_radius_6,100,100,3,100,4,6,200,0.2,0.3,<function gen_spice_map at 0x129f22660>,<function gen_river at 0x129f22700>,<function random_locations at 0x129f227a0>,214803,100.0,300.0,0.001001591061736452,0.0,,,,,,,,,,,,,,,,,,,,,,,,,,,,
300,0.0,0.0,100,100,300.0,300.0,0.0013615641726532446,0.002750862472492668,0.0,0.0,ofat_analysis_vision_radius_6,100,100,3,100,4,6,200,0.2,0.3,<function gen_spice_map at 0x129f22660>,<function gen_river at 0x129f22700>,<function random_locations at 0x129f227a0>,280078,100.0,300.0,0.001980061150667716,0.0,,,,,,,,,,,,,,,,,,,,,,,,,,,,
300,0.0,0.0,100,100,300.0,300.0,0.0011742621005537274,0.0012187996959311896,0.0,0.0,ofat_analysis_vision_radius_6,100,100,3,100,4,6,200,0.2,0.3,<function gen_spice_map at 0x129f22660>,<function gen_river at 0x129f22700>,<function random_locations at 0x129f227a0>,876826,100.0,300.0,0.0007804206776856168,0.0,,,,,,,,,,,,,,,,,,,,,,,,,,,,
300,0.0,0.0,100,100,300.0,300.0,0.0012428557732838113,0.0009075085554478712,0.0,0.0,ofat_analysis_vision_radius_7,100,100,3,100,4,7,200,0.2,0.3,<function gen_spice_map at 0x129f22660>,<function gen_river at 0x129f22700>,<function random_locations at 0x129f227a0>,435752,100.0,300.0,0.001381513591710607,0.0,,,,,,,,,,,,,,,,,,,,,,,,,,,,
300,0.0,0.0,100,100,300.0,300.0,0.0007216907492453075,0.0007602713029507898,0.0,0.0,ofat_analysis_vision_radius_7,100,100,3,100,4,7,200,0.2,0.3,<function gen_spice_map at 0x129f22660>,<function gen_river at 0x129f22700>,<function random_locations at 0x129f227a0>,837265,100.0,300.0,0.0007900122701810427,0.0,,,,,,,,,,,,,,,,,,,,,,,,,,,,
300,0.0,0.0,100,100,300.0,300.0,0.000981635676476637,0.0012913439957506123,0.0,0.0,ofat_analysis_vision_radius_7,100,100,3,100,4,7,200,0.2,0.3,<function gen_spice_map at 0x129f22660>,<function gen_river at 0x129f22700>,<function random_locations at 0x129f227a0>,666856,100.0,300.0,0.0010301702512086992,0.0,,,,,,,,,,,,,,,,,,,,,,,,,,,,
300,0.0,0.0,100,100,300.0,300.0,0.0008472811373077729,0.0011905695391933925,0.0,0.0,ofat_analysis_alpha_0.0,100,100,3,100,4,4,200,0.0,0.3,<function gen_spice_map at 0x129f22660>,<function gen_river at 0x129f22700>,<function random_locations at 0x129f227a0>,501636,100.0,300.0,0.0008337766895525606,0.0,,,,,,,,,,,,,,,,,,,,,,,,,,,,
300,0.0,0.0,100,100,300.0,300.0,0.0007391397849462368,0.0007680286738351259,0.0,0.0,ofat_analysis_alpha_0.0,100,100,3,100,4,4,200,0.0,0.3,<function gen_spice_map at 0x129f22660>,<function gen_river at 0x129f22700>,<function random_locations at 0x129f227a0>,429112,100.0,300.0,0.0008165701681830718,0.0,,,,,,,,,,,,,,,,,,,,,,,,,,,,
300,0.0,0.0,100,100,300.0,300.0,0.0014042167326341808,0.0007387131030074339,0.0,0.0,ofat_analysis_alpha_0.0,100,100,3,100,4,4,200,0.0,0.3,<function gen_spice_map at 0x129f22660>,<function gen_river at 0x129f22700>,<function random_locations at 0x129f227a0>,29816,100.0,300.0,0.0009544253775546825,0.0,,,,,,,,,,,,,,,,,,,,,,,,,,,,
300,0.0,0.0,100,100,300.0,300.0,0.0015511268352589632,0.0014313356142441607,0.0,0.0,ofat_analysis_alpha_0.08888888888888889,100,100,3,100,4,4,200,0.08888888888888889,0.3,<function gen_spice_map at 0x129f22660>,<function gen_river at 0x129f22700>,<function random_locations at 0x129f227a0>,903086,100.0,300.0,0.001433578082753496,0.0,,,,,,,,,,,,,,,,,,,,,,,,,,,,
300,0.0,0.0,100,100,300.0,300.0,0.001320158868545965,0.0009678686130299036,0.0,0.0,ofat_analysis_alpha_0.08888888888888889,100,100,3,100,4,4,200,0.08888888888888889,0.3,<function gen_spice_map at 0x129f22660>,<function gen_river at 0x129f22700>,<function random_locations at 0x129f227a0>,386142,100.0,300.0,0.0008872569840311779,0.0,,,,,,,,,,,,,,,,,,,,,,,,,,,,
300,0.0,0.0,100,100,300.0,300.0,0.0013238994756504488,0.0016645049718979673,0.0,0.0,ofat_analysis_alpha_0.08888888888888889,100,100,3,100,4,4,200,0.08888888888888889,0.3,<function gen_spice_map at 0x129f22660>,<function gen_river at 0x129f22700>,<function random_locations at 0x129f227a0>,279171,100.0,300.0,0.0017404324891459313,0.0,,,,,,,,,,,,,,,,,,,,,,,,,,,,
300,0.0,0.0,100,100,300.0,300.0,0.0007917623693142919,0.0010221501383675493,0.0,0.0,ofat_analysis_alpha_0.17777777777777778,100,100,3,100,4,4,200,0.17777777777777778,0.3,<function gen_spice_map at 0x129f22660>,<function gen_river at 0x129f22700>,<function random_locations at 0x129f227a0>,826483,100.0,300.0,0.0008716359743757008,0.0,,,,,,,,,,,,,,,,,,,,,,,,,,,,
300,0.0,0.0,100,100,300.0,300.0,0.002752842609216036,0.0014565850872099793,0.0,0.0,ofat_analysis_alpha_0.17777777777777778,100,100,3,100,4,4,200,0.17777777777777778,0.3,<function gen_spice_map at 0x129f22660>,<function gen_river at 0x129f22700>,<function random_locations at 0x129f227a0>,766065,100.0,300.0,0.0019671434914383893,0.0,,,,,,,,,,,,,,,,,,,,,,,,,,,,
300,0.0,0.0,100,100,300.0,300.0,0.0012728551336146279,0.0009585545120457334,0.0,0.0,ofat_analysis_alpha_0.17777777777777778,100,100,3,100,4,4,200,0.17777777777777778,0.3,<function gen_spice_map at 0x129f22660>,<function gen_river at 0x129f22700>,<function random_locations at 0x129f227a0>,393810,100.0,300.0,0.0010015600297347954,0.0,,,,,,,,,,,,,,,,,,,,,,,,,,,,
300,0.0,0.0,100,100,300.0,300.0,0.0016234376110552664,0.0018170073467980799,0.0,0.0,ofat_analysis_alpha_0.26666666666666666,100,100,3,100,4,4,200,0.26666666666666666,0.3,<function gen_spice_map at 0x129f22660>,<function gen_river at 0x129f22700>,<function random_locations at 0x129f227a0>,438367,100.0,300.0,0.0012057819423258523,0.0,,,,,,,,,,,,,,,,,,,,,,,,,,,,
300,0.0,0.0,100,100,300.0,300.0,0.0011034449011548253,0.0010074725815922571,0.0,0.0,ofat_analysis_alpha_0.26666666666666666,100,100,3,100,4,4,200,0.26666666666666666,0.3,<function gen_spice_map at 0x129f22660>,<function gen_river at 0x129f22700>,<function random_locations at 0x129f227a0>,692393,100.0,300.0,0.0012486047883733188,0.0,,,,,,,,,,,,,,,,,,,,,,,,,,,,
300,0.0,0.0,100,100,300.0,300.0,0.0008388916581610454,0.0008292296371766574,0.0,0.0,ofat_analysis_alpha_0.26666666666666666,100,100,3,100,4,4,200,0.26666666666666666,0.3,<function gen_spice_map at 0x129f22660>,<function gen_river at 0x129f22700>,<function random_locations at 0x129f227a0>,757386,100.0,300.0,0.0010254219183935059,0.0,,,,,,,,,,,,,,,,,,,,,,,,,,,,
300,0.0,0.0,100,100,300.0,300.0,0.0015469613259668498,0.0008478385710608135,0.0,0.0,ofat_analysis_alpha_0.35555555555555557,100,100,3,100,4,4,200,0.35555555555555557,0.3,<function gen_spice_map at 0x129f22660>,<function gen_river at 0x129f22700>,<function random_locations at 0x129f227a0>,220749,100.0,300.0,0.0010591451163541705,0.0,,,,,,,,,,,,,,,,,,,,,,,,,,,,
300,0.0,0.0,100,100,300.0,300.0,0.0007349950898337999,0.0008627508627508632,0.0,0.0,ofat_analysis_alpha_0.35555555555555557,100,100,3,100,4,4,200,0.35555555555555557,0.3,<function gen_spice_map at 0x129f22660>,<function gen_river at 0x129f22700>,<function random_locations at 0x129f227a0>,942278,100.0,300.0,0.0009245013803218572,0.0,,,,,,,,,,,,,,,,,,,,,,,,,,,,
300,0.0,0.0,100,100,300.0,300.0,0.0009061039964435108,0.0009006826655628624,0.0,0.0,ofat_analysis_alpha_0.35555555555555557,100,100,3,100,4,4,200,0.35555555555555557,0.3,<function gen_spice_map at 0x129f22660>,<function gen_river at 0x129f22700>,<function random_locations at 0x129f227a0>,445008,100.0,300.0,0.0006837966938720475,0.0,,,,,,,,,,,,,,,,,,,,,,,,,,,,
300,0.0,0.0,100,100,300.0,300.0,0.0008450704225352117,0.0005326832791621526,0.0,0.0,ofat_analysis_alpha_0.4444444444444445,100,100,3,100,4,4,200,0.4444444444444445,0.3,<function gen_spice_map at 0x129f22660>,<function gen_river at 0x129f22700>,<function random_locations at 0x129f227a0>,123031,100.0,300.0,0.0009204958637034971,0.0,,,,,,,,,,,,,,,,,,,,,,,,,,,,
300,0.0,0.0,100,100,300.0,300.0,0.0010350481105198092,0.0013148156818272468,0.0,0.0,ofat_analysis_alpha_0.4444444444444445,100,100,3,100,4,4,200,0.4444444444444445,0.3,<function gen_spice_map at 0x129f22660>,<function gen_river at 0x129f22700>,<function random_locations at 0x129f227a0>,429923,100.0,300.0,0.0011355695317959475,0.0,,,,,,,,,,,,,,,,,,,,,,,,,,,,
300,0.0,0.0,100,100,300.0,300.0,0.0012508434547908239,0.0011172783074311092,0.0,0.0,ofat_analysis_alpha_0.4444444444444445,100,100,3,100,4,4,200,0.4444444444444445,0.3,<function gen_spice_map at 0x129f22660>,<function gen_river at 0x129f22700>,<function random_locations at 0x129f227a0>,474074,100.0,300.0,0.0013166329284750344,0.0,,,,,,,,,,,,,,,,,,,,,,,,,,,,
300,0.0,0.0,100,100,300.0,300.0,0.0005558799202062962,0.0007381257687311434,0.0,0.0,ofat_analysis_alpha_0.5333333333333333,100,100,3,100,4,4,200,0.5333333333333333,0.3,<function gen_spice_map at 0x129f22660>,<function gen_river at 0x129f22700>,<function random_locations at 0x129f227a0>,109170,100.0,300.0,0.0010005591764522548,0.0,,,,,,,,,,,,,,,,,,,,,,,,,,,,
300,0.0,0.0,100,100,300.0,300.0,0.0015653775322283618,0.001527588005043005,0.0,0.0,ofat_analysis_alpha_0.5333333333333333,100,100,3,100,4,4,200,0.5333333333333333,0.3,<function gen_spice_map at 0x129f22660>,<function gen_river at 0x129f22700>,<function random_locations at 0x129f227a0>,907943,100.0,300.0,0.0013969431230169073,0.0,,,,,,,,,,,,,,,,,,,,,,,,,,,,
300,0.0,0.0,100,100,300.0,300.0,0.0012274959083469726,0.002300418257865065,0.0,0.0,ofat_analysis_alpha_0.5333333333333333,100,100,3,100,4,4,200,0.5333333333333333,0.3,<function gen_spice_map at 0x129f22660>,<function gen_river at 0x129f22700>,<function random_locations at 0x129f227a0>,215784,100.0,300.0,0.002112260880277352,0.0,,,,,,,,,,,,,,,,,,,,,,,,,,,,
300,0.0,0.0,100,100,300.0,300.0,0.0009956004810546674,0.0010273014874241872,0.0,0.0,ofat_analysis_alpha_0.6222222222222222,100,100,3,100,4,4,200,0.6222222222222222,0.3,<function gen_spice_map at 0x129f22660>,<function gen_river at 0x129f22700>,<function random_locations at 0x129f227a0>,153202,100.0,300.0,0.000715746421267894,0.0,,,,,,,,,,,,,,,,,,,,,,,,,,,,
300,0.0,0.0,100,100,300.0,300.0,0.001021444236861344,0.0011259054102328281,0.0,0.0,ofat_analysis_alpha_0.6222222222222222,100,100,3,100,4,4,200,0.6222222222222222,0.3,<function gen_spice_map at 0x129f22660>,<function gen_river at 0x129f22700>,<function random_locations at 0x129f227a0>,11114,100.0,300.0,0.0012220254113158699,0.0,,,,,,,,,,,,,,,,,,,,,,,,,,,,
300,0.0,0.0,100,100,300.0,300.0,0.0006382978723404257,0.0011405103958295455,0.0,0.0,ofat_analysis_alpha_0.6222222222222222,100,100,3,100,4,4,200,0.6222222222222222,0.3,<function gen_spice_map at 0x129f22660>,<function gen_river at 0x129f22700>,<function random_locations at 0x129f227a0>,821398,100.0,300.0,0.0010183474219163998,0.0,,,,,,,,,,,,,,,,,,,,,,,,,,,,
300,0.0,0.0,100,100,300.0,300.0,0.0011501955498371276,0.0016426122496911017,0.0,0.0,ofat_analysis_alpha_0.7111111111111111,100,100,3,100,4,4,200,0.7111111111111111,0.3,<function gen_spice_map at 0x129f22660>,<function gen_river at 0x129f22700>,<function random_locations at 0x129f227a0>,29961,100.0,300.0,0.0006504154157603981,0.0,,,,,,,,,,,,,,,,,,,,,,,,,,,,
300,0.0,0.0,100,100,300.0,300.0,0.0012428739633893252,0.0004686317763781879,0.0,0.0,ofat_analysis_alpha_0.7111111111111111,100,100,3,100,4,4,200,0.7111111111111111,0.3,<function gen_spice_map at 0x129f22660>,<function gen_river at 0x129f22700>,<function random_locations at 0x129f227a0>,834469,100.0,300.0,0.0006310724843926035,0.0,,,,,,,,,,,,,,,,,,,,,,,,,,,,
300,0.0,0.0,100,100,300.0,300.0,0.001180446258310552,0.0011777741477407774,0.0,0.0,ofat_analysis_alpha_0.7111111111111111,100,100,3,100,4,4,200,0.7111111111111111,0.3,<function gen_spice_map at 0x129f22660>,<function gen_river at 0x129f22700>,<function random_locations at 0x129f227a0>,604076,100.0,300.0,0.0014186746389193547,0.0,,,,,,,,,,,,,,,,,,,,,,,,,,,,
300,0.0,0.0,100,100,300.0,300.0,0.0013959821193312398,0.0017108623611617089,0.0,0.0,ofat_analysis_alpha_0.8,100,100,3,100,4,4,200,0.8,0.3,<function gen_spice_map at 0x129f22660>,<function gen_river at 0x129f22700>,<function random_locations at 0x129f227a0>,194854,100.0,300.0,0.0014871153330629698,0.0,,,,,,,,,,,,,,,,,,,,,,,,,,,,
300,0.0,0.0,100,100,300.0,300.0,0.0008753229974160211,0.0012790697674418606,0.0,0.0,ofat_analysis_alpha_0.8,100,100,3,100,4,4,200,0.8,0.3,<function gen_spice_map at 0x129f22660>,<function gen_river at 0x129f22700>,<function random_locations at 0x129f227a0>,857880,100.0,300.0,0.0010092266656407697,0.0,,,,,,,,,,,,,,,,,,,,,,,,,,,,
300,0.0,0.0,100,100,300.0,300.0,0.0006720430107526884,0.0009568048165452186,0.0,0.0,ofat_analysis_alpha_0.8,100,100,3,100,4,4,200,0.8,0.3,<function gen_spice_map at 0x129f22660>,<function gen_river at 0x129f22700>,<function random_locations at 0x129f227a0>,731216,100.0,300.0,0.0006734882645392533,0.0,,,,,,,,,,,,,,,,,,,,,,,,,,,,
300,0.0,0.0,100,100,300.0,300.0,0.0009120879120879122,0.0010313915475205796,0.0,0.0,ofat_analysis_trade_percentage_0.0,100,100,3,100,4,4,200,0.2,0.0,<function gen_spice_map at 0x129f22660>,<function gen_river at 0x129f22700>,<function random_locations at 0x129f227a0>,461193,100.0,300.0,0.0008473748473748478,0.0,,,,,,,,,,,,,,,,,,,,,,,,,,,,
300,0.0,0.0,100,100,300.0,300.0,0.001237449631559029,0.00157295953228632,0.0,0.0,ofat_analysis_trade_percentage_0.0,100,100,3,100,4,4,200,0.2,0.0,<function gen_spice_map at 0x129f22660>,<function gen_river at 0x129f22700>,<function random_locations at 0x129f227a0>,36349,100.0,300.0,0.0014006836236850262,0.0,,,,,,,,,,,,,,,,,,,,,,,,,,,,
300,0.0,0.0,100,100,300.0,300.0,0.000957589869944675,0.0015011344285452664,0.0,0.0,ofat_analysis_trade_percentage_0.0,100,100,3,100,4,4,200,0.2,0.0,<function gen_spice_map at 0x129f22660>,<function gen_river at 0x129f22700>,<function random_locations at 0x129f227a0>,725864,100.0,300.0,0.0012630689283617028,0.0,,,,,,,,,,,,,,,,,,,,,,,,,,,,
300,0.0,0.0,100,100,300.0,300.0,0.0009641938647755679,0.0006625099248050071,0.0,0.0,ofat_analysis_trade_percentage_0.08888888888888889,100,100,3,100,4,4,200,0.2,0.08888888888888889,<function gen_spice_map at 0x129f22660>,<function gen_river at 0x129f22700>,<function random_locations at 0x129f227a0>,183956,100.0,300.0,0.001159209691732167,0.0,,,,,,,,,,,,,,,,,,,,,,,,,,,,
300,0.0,0.0,100,100,300.0,300.0,0.0010079267459341265,0.0009642811481878263,0.0,0.0,ofat_analysis_trade_percentage_0.08888888888888889,100,100,3,100,4,4,200,0.2,0.08888888888888889,<function gen_spice_map at 0x129f22660>,<function gen_river at 0x129f22700>,<function random_locations at 0x129f227a0>,783510,100.0,300.0,0.0011070025919448611,0.0,,,,,,,,,,,,,,,,,,,,,,,,,,,,
300,0.0,0.0,100,100,300.0,300.0,0.0011798988495031065,0.0008209548091490228,0.0,0.0,ofat_analysis_trade_percentage_0.08888888888888889,100,100,3,100,4,4,200,0.2,0.08888888888888889,<function gen_spice_map at 0x129f22660>,<function gen_river at 0x129f22700>,<function random_locations at 0x129f227a0>,37796,100.0,300.0,0.0011421640104712937,0.0,,,,,,,,,,,,,,,,,,,,,,,,,,,,
300,0.0,0.0,100,100,300.0,300.0,0.0012106306718523607,0.0009603350341773375,0.0,0.0,ofat_analysis_trade_percentage_0.17777777777777778,100,100,3,100,4,4,200,0.2,0.17777777777777778,<function gen_spice_map at 0x129f22660>,<function gen_river at 0x129f22700>,<function random_locations at 0x129f227a0>,438353,100.0,300.0,0.0014464938079133242,0.0,,,,,,,,,,,,,,,,,,,,,,,,,,,,
300,0.0,0.0,100,100,300.0,300.0,0.0021410228600895124,0.0014572303942016695,0.0,0.0,ofat_analysis_trade_percentage_0.17777777777777778,100,100,3,100,4,4,200,0.2,0.17777777777777778,<function gen_spice_map at 0x129f22660>,<function gen_river at 0x129f22700>,<function random_locations at 0x129f227a0>,536438,100.0,300.0,0.0015677527414071062,0.0,,,,,,,,,,,,,,,,,,,,,,,,,,,,
300,0.0,0.0,100,100,300.0,300.0,0.0010379959527859715,0.0010896005326924384,0.0,0.0,ofat_analysis_trade_percentage_0.17777777777777778,100,100,3,100,4,4,200,0.2,0.17777777777777778,<function gen_spice_map at 0x129f22660>,<function gen_river at 0x129f22700>,<function random_locations at 0x129f227a0>,614179,100.0,300.0,0.001167276176405818,0.0,,,,,,,,,,,,,,,,,,,,,,,,,,,,
300,0.0,0.0,100,100,300.0,300.0,0.001635981720727484,0.0017011707689673797,0.0,0.0,ofat_analysis_trade_percentage_0.26666666666666666,100,100,3,100,4,4,200,0.2,0.26666666666666666,<function gen_spice_map at 0x129f22660>,<function gen_river at 0x129f22700>,<function random_locations at 0x129f227a0>,505136,100.0,300.0,0.0019056060882195376,0.0,,,,,,,,,,,,,,,,,,,,,,,,,,,,
300,0.0,0.0,100,100,300.0,300.0,0.0007299270072992705,0.0009437531570802112,0.0,0.0,ofat_analysis_trade_percentage_0.26666666666666666,100,100,3,100,4,4,200,0.2,0.26666666666666666,<function gen_spice_map at 0x129f22660>,<function gen_river at 0x129f22700>,<function random_locations at 0x129f227a0>,251609,100.0,300.0,0.0007293903455900162,0.0,,,,,,,,,,,,,,,,,,,,,,,,,,,,
300,0.0,0.0,100,100,300.0,300.0,0.0010304659498207888,0.0005505754758742808,0.0,0.0,ofat_analysis_trade_percentage_0.26666666666666666,100,100,3,100,4,4,200,0.2,0.26666666666666666,<function gen_spice_map at 0x129f22660>,<function gen_river at 0x129f22700>,<function random_locations at 0x129f227a0>,965369,100.0,300.0,0.0010868848839546694,0.0,,,,,,,,,,,,,,,,,,,,,,,,,,,,
300,0.0,0.0,100,100,300.0,300.0,0.0018886531948941229,0.0018895635579469082,0.0,0.0,ofat_analysis_trade_percentage_0.35555555555555557,100,100,3,100,4,4,200,0.2,0.35555555555555557,<function gen_spice_map at 0x129f22660>,<function gen_river at 0x129f22700>,<function random_locations at 0x129f227a0>,407167,100.0,300.0,0.0015614427033500966,0.0,,,,,,,,,,,,,,,,,,,,,,,,,,,,
300,0.0,0.0,100,100,300.0,300.0,0.0006860142122789138,0.000982098532833312,0.0,0.0,ofat_analysis_trade_percentage_0.35555555555555557,100,100,3,100,4,4,200,0.2,0.35555555555555557,<function gen_spice_map at 0x129f22660>,<function gen_river at 0x129f22700>,<function random_locations at 0x129f227a0>,871316,100.0,300.0,0.0007461388547869058,0.0,,,,,,,,,,,,,,,,,,,,,,,,,,,,
300,0.0,0.0,100,100,300.0,300.0,0.000545094152626363,0.000661977138207197,0.0,0.0,ofat_analysis_trade_percentage_0.35555555555555557,100,100,3,100,4,4,200,0.2,0.35555555555555557,<function gen_spice_map at 0x129f22660>,<function gen_river at 0x129f22700>,<function random_locations at 0x129f227a0>,17580,100.0,300.0,0.0007138674455404531,0.0,,,,,,,,,,,,,,,,,,,,,,,,,,,,
300,0.0,0.0,100,100,300.0,300.0,0.0010895376478578687,0.0014229653662187107,0.0,0.0,ofat_analysis_trade_percentage_0.4444444444444445,100,100,3,100,4,4,200,0.2,0.4444444444444445,<function gen_spice_map at 0x129f22660>,<function gen_river at 0x129f22700>,<function random_locations at 0x129f227a0>,135495,100.0,300.0,0.0012364498644986458,0.0,,,,,,,,,,,,,,,,,,,,,,,,,,,,
300,0.0,0.0,100,100,300.0,300.0,0.0006943705123200495,0.0009205194023675876,0.0,0.0,ofat_analysis_trade_percentage_0.4444444444444445,100,100,3,100,4,4,200,0.2,0.4444444444444445,<function gen_spice_map at 0x129f22660>,<function gen_river at 0x129f22700>,<function random_locations at 0x129f227a0>,62928,100.0,300.0,0.0010032551366523478,0.0,,,,,,,,,,,,,,,,,,,,,,,,,,,,
300,0.0,0.0,100,100,300.0,300.0,0.0018654370153007751,0.000925112068207788,0.0,0.0,ofat_analysis_trade_percentage_0.4444444444444445,100,100,3,100,4,4,200,0.2,0.4444444444444445,<function gen_spice_map at 0x129f22660>,<function gen_river at 0x129f22700>,<function random_locations at 0x129f227a0>,910479,100.0,300.0,0.0012153681629378213,0.0,,,,,,,,,,,,,,,,,,,,,,,,,,,,
300,0.0,0.0,100,100,300.0,300.0,0.001044217399870529,0.0007953520931106716,0.0,0.0,ofat_analysis_trade_percentage_0.5333333333333333,100,100,3,100,4,4,200,0.2,0.5333333333333333,<function gen_spice_map at 0x129f22660>,<function gen_river at 0x129f22700>,<function random_locations at 0x129f227a0>,944210,100.0,300.0,0.0013545272875679021,0.0,,,,,,,,,,,,,,,,,,,,,,,,,,,,
300,0.0,0.0,100,100,300.0,300.0,0.0009227953155846899,0.0011115091950006561,0.0,0.0,ofat_analysis_trade_percentage_0.5333333333333333,100,100,3,100,4,4,200,0.2,0.5333333333333333,<function gen_spice_map at 0x129f22660>,<function gen_river at 0x129f22700>,<function random_locations at 0x129f227a0>,921182,100.0,300.0,0.0010806798093325612,0.0,,,,,,,,,,,,,,,,,,,,,,,,,,,,
300,0.0,0.0,100,100,300.0,300.0,0.0014426408565436282,0.0010259516847431437,0.0,0.0,ofat_analysis_trade_percentage_0.5333333333333333,100,100,3,100,4,4,200,0.2,0.5333333333333333,<function gen_spice_map at 0x129f22660>,<function gen_river at 0x129f22700>,<function random_locations at 0x129f227a0>,462479,100.0,300.0,0.0010251485603598284,0.0,,,,,,,,,,,,,,,,,,,,,,,,,,,,
300,0.0,0.0,100,100,300.0,300.0,0.0015372277183300807,0.001330834214374982,0.0,0.0,ofat_analysis_trade_percentage_0.6222222222222222,100,100,3,100,4,4,200,0.2,0.6222222222222222,<function gen_spice_map at 0x129f22660>,<function gen_river at 0x129f22700>,<function random_locations at 0x129f227a0>,350632,100.0,300.0,0.0011645398646922655,0.0,,,,,,,,,,,,,,,,,,,,,,,,,,,,
300,0.0,0.0,100,100,300.0,300.0,0.0011827956989247314,0.00105551713695553,0.0,0.0,ofat_analysis_trade_percentage_0.6222222222222222,100,100,3,100,4,4,200,0.2,0.6222222222222222,<function gen_spice_map at 0x129f22660>,<function gen_river at 0x129f22700>,<function random_locations at 0x129f227a0>,666687,100.0,300.0,0.0013648006231870295,0.0,,,,,,,,,,,,,,,,,,,,,,,,,,,,
300,0.0,0.0,100,100,300.0,300.0,0.0012032453245324538,0.0010519801980198025,0.0,0.0,ofat_analysis_trade_percentage_0.6222222222222222,100,100,3,100,4,4,200,0.2,0.6222222222222222,<function gen_spice_map at 0x129f22660>,<function gen_river at 0x129f22700>,<function random_locations at 0x129f227a0>,460007,100.0,300.0,0.0010651941434838277,0.0,,,,,,,,,,,,,,,,,,,,,,,,,,,,
300,0.0,0.0,100,100,300.0,300.0,0.0022432081381182833,0.001158208381391773,0.0,0.0,ofat_analysis_trade_percentage_0.7111111111111111,100,100,3,100,4,4,200,0.2,0.7111111111111111,<function gen_spice_map at 0x129f22660>,<function gen_river at 0x129f22700>,<function random_locations at 0x129f227a0>,826769,100.0,300.0,0.0015315854848726828,0.0,,,,,,,,,,,,,,,,,,,,,,,,,,,,
300,0.0,0.0,100,100,300.0,300.0,0.0015772870662460574,0.0012763109486422814,0.0,0.0,ofat_analysis_trade_percentage_0.7111111111111111,100,100,3,100,4,4,200,0.2,0.7111111111111111,<function gen_spice_map at 0x129f22660>,<function gen_river at 0x129f22700>,<function random_locations at 0x129f227a0>,13344,100.0,300.0,0.00129351020518213,0.0,,,,,,,,,,,,,,,,,,,,,,,,,,,,
300,0.0,0.0,100,100,300.0,300.0,0.0015380714836828872,0.001819720039900085,0.0,0.0,ofat_analysis_trade_percentage_0.7111111111111111,100,100,3,100,4,4,200,0.2,0.7111111111111111,<function gen_spice_map at 0x129f22660>,<function gen_river at 0x129f22700>,<function random_locations at 0x129f227a0>,693226,100.0,300.0,0.001715057885350459,0.0,,,,,,,,,,,,,,,,,,,,,,,,,,,,
300,0.0,0.0,100,100,300.0,300.0,0.0010080645161290327,0.0008842729706413373,0.0,0.0,ofat_analysis_trade_percentage_0.8,100,100,3,100,4,4,200,0.2,0.8,<function gen_spice_map at 0x129f22660>,<function gen_river at 0x129f22700>,<function random_locations at 0x129f227a0>,943571,100.0,300.0,0.0015071958815455176,0.0,,,,,,,,,,,,,,,,,,,,,,,,,,,,
300,0.0,0.0,100,100,300.0,300.0,0.0011363502144092034,0.0012927742731904301,0.0,0.0,ofat_analysis_trade_percentage_0.8,100,100,3,100,4,4,200,0.2,0.8,<function gen_spice_map at 0x129f22660>,<function gen_river at 0x129f22700>,<function random_locations at 0x129f227a0>,981735,100.0,300.0,0.0009033466193808916,0.0,,,,,,,,,,,,,,,,,,,,,,,,,,,,
300,0.0,0.0,100,100,300.0,300.0,0.0010227750752177924,0.001077033935965645,0.0,0.0,ofat_analysis_trade_percentage_0.8,100,100,3,100,4,4,200,0.2,0.8,<function gen_spice_map at 0x129f22660>,<function gen_river at 0x129f22700>,<function random_locations at 0x129f227a0>,154313,100.0,300.0,0.0012065105886359582,0.0,,,,,,,,,,,,,,,,,,,,,,,,,,,,
